sequence,repeat,cutoff,candidate_count,elapsed_ns,elapsed_ms
1,1,30,30,651421090,651.421090
2,1,50,50,1069152717,1069.152717
3,1,20,20,420768382,420.768382
4,1,10,10,202135436,202.135436
5,1,20,20,418057132,418.057132
6,1,10,10,209519505,209.519505
7,1,30,30,642037373,642.037373
8,1,50,50,1063415735,1063.415735
9,1,50,50,1090454713,1090.454713
10,1,10,10,199573628,199.573628
11,1,30,30,657966091,657.966091
12,1,20,20,443526760,443.526760
13,1,50,50,1080382703,1080.382703
14,1,30,30,655221565,655.221565
15,1,10,10,211634082,211.634082
16,1,20,20,440110474,440.110474
17,1,10,10,210543589,210.543589
18,1,20,20,422074484,422.074484
19,1,50,50,1082112987,1082.112987
20,1,30,30,632339212,632.339212
21,1,50,50,1103503567,1103.503567
22,1,10,10,210535201,210.535201
23,1,30,30,648763419,648.763419
24,1,20,20,435882641,435.882641
25,1,20,20,445759004,445.759004
26,1,10,10,227106448,227.106448
27,1,50,50,1132148697,1132.148697
28,1,30,30,659571310,659.571310
29,1,10,10,197675791,197.675791
30,1,30,30,650391231,650.391231
31,1,20,20,438948977,438.948977
32,1,50,50,1143413487,1143.413487
33,1,50,50,1060295548,1060.295548
34,1,20,20,406041993,406.041993
35,1,10,10,202767632,202.767632
36,1,30,30,624162246,624.162246
37,1,30,30,689502592,689.502592
38,1,10,10,208070894,208.070894
39,1,50,50,1141111670,1141.111670
40,1,20,20,424744429,424.744429
41,1,30,30,696335714,696.335714
42,1,20,20,441046868,441.046868
43,1,10,10,225257534,225.257534
44,1,50,50,1161560795,1161.560795
45,1,20,20,408803710,408.803710
46,1,50,50,1045113936,1045.113936
47,1,10,10,203085740,203.085740
48,1,30,30,610651656,610.651656
49,1,30,30,656187526,656.187526
50,1,50,50,1092921979,1092.921979
51,1,10,10,226214261,226.214261
52,1,20,20,441669809,441.669809
53,1,30,30,653553871,653.553871
54,1,10,10,223577832,223.577832
55,1,20,20,438182310,438.182310
56,1,50,50,1141468795,1141.468795
57,1,10,10,224363969,224.363969
58,1,20,20,460049533,460.049533
59,1,50,50,1155917513,1155.917513
60,1,30,30,712345278,712.345278
61,1,20,20,443461172,443.461172
62,1,30,30,658355193,658.355193
63,1,10,10,191785138,191.785138
64,1,50,50,1145435735,1145.435735
65,1,10,10,213188947,213.188947
66,1,20,20,424082159,424.082159
67,1,30,30,648520195,648.520195
68,1,50,50,1098090707,1098.090707
69,1,30,30,739209196,739.209196
70,1,10,10,239807918,239.807918
71,1,50,50,1288637151,1288.637151
72,1,20,20,476411515,476.411515
73,1,10,10,200990137,200.990137
74,1,50,50,1093949571,1093.949571
75,1,20,20,408671411,408.671411
76,1,30,30,658116457,658.116457
77,1,10,10,226626130,226.626130
78,1,20,20,461793118,461.793118
79,1,50,50,1178380228,1178.380228
80,1,30,30,672414810,672.414810
81,1,30,30,645598652,645.598652
82,1,50,50,1141964815,1141.964815
83,1,20,20,430789876,430.789876
84,1,10,10,176870417,176.870417
85,1,10,10,209716481,209.716481
86,1,20,20,422278394,422.278394
87,1,30,30,663899205,663.899205
88,1,50,50,1197669499,1197.669499
89,1,30,30,676131903,676.131903
90,1,10,10,221759450,221.759450
91,1,50,50,1090042381,1090.042381
92,1,20,20,454162483,454.162483
93,1,10,10,207311359,207.311359
94,1,20,20,433015018,433.015018
95,1,50,50,1091230412,1091.230412
96,1,30,30,646718856,646.718856
97,1,30,30,699114839,699.114839
98,1,50,50,1164495797,1164.495797
99,1,10,10,234047542,234.047542
100,1,20,20,468894544,468.894544
101,1,50,50,1164165466,1164.165466
102,1,20,20,469368749,469.368749
103,1,30,30,698515458,698.515458
104,1,10,10,232495273,232.495273
105,1,30,30,647258377,647.258377
106,1,50,50,1078852518,1078.852518
107,1,20,20,439734459,439.734459
108,1,10,10,198435914,198.435914
109,1,10,10,211773313,211.773313
110,1,30,30,688803611,688.803611
111,1,50,50,1125572518,1125.572518
112,1,20,20,437363271,437.363271
113,1,20,20,471443007,471.443007
114,1,10,10,232303247,232.303247
115,1,50,50,1169863763,1169.863763
116,1,30,30,704759176,704.759176
117,1,20,20,441872438,441.872438
118,1,30,30,654106179,654.106179
119,1,10,10,208626008,208.626008
120,1,50,50,1100808058,1100.808058
121,1,50,50,1098602964,1098.602964
122,1,20,20,422743720,422.743720
123,1,10,10,200144272,200.144272
124,1,30,30,658292872,658.292872
125,1,20,20,440758184,440.758184
126,1,30,30,653794261,653.794261
127,1,50,50,1080977605,1080.977605
128,1,10,10,204093421,204.093421
129,1,20,20,445526081,445.526081
130,1,50,50,1096853131,1096.853131
131,1,30,30,656549818,656.549818
132,1,10,10,225688929,225.688929
133,1,30,30,685283228,685.283228
134,1,50,50,1166542416,1166.542416
135,1,10,10,232540208,232.540208
136,1,20,20,455072414,455.072414
137,1,50,50,1098568032,1098.568032
138,1,20,20,444466069,444.466069
139,1,10,10,226352021,226.352021
140,1,30,30,656973101,656.973101
141,1,50,50,1153182653,1153.182653
142,1,10,10,208785111,208.785111
143,1,30,30,689456752,689.456752
144,1,20,20,458229811,458.229811
145,1,20,20,444747618,444.747618
146,1,30,30,659166434,659.166434
147,1,10,10,226546236,226.546236
148,1,50,50,1098841013,1098.841013
149,1,30,30,660874491,660.874491
150,1,20,20,420472657,420.472657
151,1,50,50,1100924318,1100.924318
152,1,10,10,210796463,210.796463
153,1,20,20,376187698,376.187698
154,1,50,50,1082839074,1082.839074
155,1,10,10,192149210,192.149210
156,1,30,30,636719094,636.719094
157,1,10,10,232844486,232.844486
158,1,50,50,1159578875,1159.578875
159,1,30,30,703985309,703.985309
160,1,20,20,473021280,473.021280
161,1,10,10,199861576,199.861576
162,1,20,20,405039217,405.039217
163,1,50,50,1097595504,1097.595504
164,1,30,30,629553884,629.553884
165,1,10,10,230752616,230.752616
166,1,30,30,683485025,683.485025
167,1,50,50,1153269045,1153.269045
168,1,20,20,452467967,452.467967
169,1,30,30,715763517,715.763517
170,1,10,10,211710676,211.710676
171,1,20,20,445201110,445.201110
172,1,50,50,1186964183,1186.964183
173,1,50,50,1157372166,1157.372166
174,1,20,20,442813210,442.813210
175,1,10,10,225166437,225.166437
176,1,30,30,665057449,665.057449
177,1,30,30,695731018,695.731018
178,1,10,10,212245826,212.245826
179,1,50,50,1142531386,1142.531386
180,1,20,20,460728214,460.728214
181,1,20,20,444618962,444.618962
182,1,50,50,1103251201,1103.251201
183,1,30,30,667953099,667.953099
184,1,10,10,225875445,225.875445
185,1,20,20,436499783,436.499783
186,1,30,30,647193059,647.193059
187,1,10,10,222235760,222.235760
188,1,50,50,1082626462,1082.626462
189,1,30,30,643903685,643.903685
190,1,20,20,442225590,442.225590
191,1,10,10,226126678,226.126678
192,1,50,50,1064966924,1064.966924
193,1,30,30,703672844,703.672844
194,1,20,20,473686105,473.686105
195,1,50,50,1153449882,1153.449882
196,1,10,10,235822046,235.822046
197,1,50,50,1098994897,1098.994897
198,1,30,30,660119909,660.119909
199,1,10,10,204247271,204.247271
200,1,20,20,445411600,445.411600
201,1,10,10,227236164,227.236164
202,1,50,50,1160331459,1160.331459
203,1,20,20,443205175,443.205175
204,1,30,30,698751686,698.751686
205,1,20,20,463622151,463.622151
206,1,50,50,1150899511,1150.899511
207,1,30,30,693281956,693.281956
208,1,10,10,205658808,205.658808
209,1,30,30,660625386,660.625386
210,1,20,20,425719417,425.719417
211,1,50,50,1090751305,1090.751305
212,1,10,10,175908265,175.908265
213,1,20,20,410453049,410.453049
214,1,30,30,611566018,611.566018
215,1,50,50,1055588770,1055.588770
216,1,10,10,193936023,193.936023
217,1,10,10,202315091,202.315091
218,1,30,30,636242419,636.242419
219,1,20,20,426264132,426.264132
220,1,50,50,1076181796,1076.181796
221,1,10,10,210233418,210.233418
222,1,50,50,1080725447,1080.725447
223,1,30,30,658590224,658.590224
224,1,20,20,443232004,443.232004
225,1,20,20,448747796,448.747796
226,1,10,10,228783814,228.783814
227,1,30,30,664481275,664.481275
228,1,50,50,1107991511,1107.991511
229,1,10,10,227050033,227.050033
230,1,50,50,1093687172,1093.687172
231,1,20,20,445640205,445.640205
232,1,30,30,661902762,661.902762
233,1,50,50,1175660725,1175.660725
234,1,20,20,478080110,478.080110
235,1,10,10,241113182,241.113182
236,1,30,30,718247972,718.247972
237,1,10,10,209698572,209.698572
238,1,50,50,1195712395,1195.712395
239,1,30,30,655035427,655.035427
240,1,20,20,440660751,440.660751
241,1,20,20,478092430,478.092430
242,1,30,30,716809166,716.809166
243,1,10,10,207289443,207.289443
244,1,50,50,1200994767,1200.994767
245,1,50,50,1060512482,1060.512482
246,1,10,10,205199380,205.199380
247,1,20,20,410531870,410.531870
248,1,30,30,637976855,637.976855
249,1,30,30,660481009,660.481009
250,1,50,50,1088094926,1088.094926
251,1,20,20,445788554,445.788554
252,1,10,10,228939741,228.939741
253,1,20,20,449426132,449.426132
254,1,10,10,212014969,212.014969
255,1,30,30,663512629,663.512629
256,1,50,50,1107450017,1107.450017
257,1,50,50,1082439599,1082.439599
258,1,30,30,608494282,608.494282
259,1,10,10,204996933,204.996933
260,1,20,20,412389147,412.389147
261,1,20,20,441567815,441.567815
262,1,10,10,224572358,224.572358
263,1,30,30,655334013,655.334013
264,1,50,50,1102829337,1102.829337
265,1,50,50,1065639263,1065.639263
266,1,20,20,412226776,412.226776
267,1,30,30,617244696,617.244696
268,1,10,10,206601055,206.601055
269,1,30,30,656962187,656.962187
270,1,50,50,1098146691,1098.146691
271,1,20,20,442498370,442.498370
272,1,10,10,225752458,225.752458
273,1,30,30,721050360,721.050360
274,1,10,10,211346139,211.346139
275,1,50,50,1184092472,1184.092472
276,1,20,20,449935824,449.935824
277,1,10,10,206207288,206.207288
278,1,20,20,413031553,413.031553
279,1,50,50,1018809994,1018.809994
280,1,30,30,615674848,615.674848
281,1,10,10,229397358,229.397358
282,1,50,50,1165714131,1165.714131
283,1,30,30,668035029,668.035029
284,1,20,20,450407030,450.407030
285,1,50,50,1048031875,1048.031875
286,1,10,10,203482171,203.482171
287,1,30,30,634291745,634.291745
288,1,20,20,425209470,425.209470
289,1,20,20,442227077,442.227077
290,1,30,30,655811214,655.811214
291,1,50,50,1163802143,1163.802143
292,1,10,10,212779424,212.779424
293,1,30,30,614908940,614.908940
294,1,50,50,1129210061,1129.210061
295,1,20,20,407712623,407.712623
296,1,10,10,191041559,191.041559
297,1,20,20,467940407,467.940407
298,1,50,50,1159594735,1159.594735
299,1,10,10,233859583,233.859583
300,1,30,30,699069422,699.069422
301,1,50,50,1160932020,1160.932020
302,1,10,10,221510155,221.510155
303,1,20,20,460341481,460.341481
304,1,30,30,704150490,704.150490
305,1,50,50,1056847523,1056.847523
306,1,20,20,399439241,399.439241
307,1,30,30,616731997,616.731997
308,1,10,10,197452292,197.452292
309,1,20,20,433358814,433.358814
310,1,30,30,650644076,650.644076
311,1,50,50,1066217349,1066.217349
312,1,10,10,196566705,196.566705
313,1,10,10,204142945,204.142945
314,1,20,20,414193023,414.193023
315,1,50,50,1150920467,1150.920467
316,1,30,30,641405217,641.405217
317,1,20,20,401266432,401.266432
318,1,30,30,600151531,600.151531
319,1,10,10,198832971,198.832971
320,1,50,50,1036224713,1036.224713
321,1,50,50,1053291579,1053.291579
322,1,20,20,429679828,429.679828
323,1,10,10,218736314,218.736314
324,1,30,30,636170020,636.170020
325,1,10,10,230038049,230.038049
326,1,50,50,1142661482,1142.661482
327,1,30,30,692558778,692.558778
328,1,20,20,463672477,463.672477
329,1,10,10,207589961,207.589961
330,1,50,50,1142519889,1142.519889
331,1,30,30,639072905,639.072905
332,1,20,20,426403036,426.403036
333,1,30,30,643248471,643.248471
334,1,50,50,1071054580,1071.054580
335,1,20,20,433019579,433.019579
336,1,10,10,220848255,220.848255
337,1,50,50,1102112446,1102.112446
338,1,20,20,433131800,433.131800
339,1,10,10,217329038,217.329038
340,1,30,30,642096237,642.096237
341,1,20,20,426865367,426.865367
342,1,30,30,674052806,674.052806
343,1,50,50,1149585364,1149.585364
344,1,10,10,207392854,207.392854
345,1,20,20,442158950,442.158950
346,1,30,30,667301734,667.301734
347,1,50,50,1101944086,1101.944086
348,1,10,10,228521855,228.521855
349,1,50,50,1054372540,1054.372540
350,1,20,20,426960231,426.960231
351,1,30,30,635291099,635.291099
352,1,10,10,206433939,206.433939
353,1,20,20,415928736,415.928736
354,1,10,10,207121109,207.121109
355,1,30,30,631296732,631.296732
356,1,50,50,1041983442,1041.983442
357,1,50,50,1142135618,1142.135618
358,1,20,20,430368514,430.368514
359,1,30,30,639382300,639.382300
360,1,10,10,219535006,219.535006
361,1,50,50,1144392030,1144.392030
362,1,30,30,698639170,698.639170
363,1,10,10,200814658,200.814658
364,1,20,20,400776644,400.776644
365,1,50,50,1073997588,1073.997588
366,1,20,20,412842263,412.842263
367,1,10,10,196246368,196.246368
368,1,30,30,608006083,608.006083
369,1,20,20,425970481,425.970481
370,1,50,50,1054140107,1054.140107
371,1,30,30,631556712,631.556712
372,1,10,10,220758105,220.758105
373,1,20,20,445983108,445.983108
374,1,10,10,226258508,226.258508
375,1,50,50,1102411868,1102.411868
376,1,30,30,670136344,670.136344
377,1,50,50,1066903949,1066.903949
378,1,30,30,640809566,640.809566
379,1,20,20,396976851,396.976851
380,1,10,10,195870044,195.870044
381,1,10,10,186720930,186.720930
382,1,50,50,1032274351,1032.274351
383,1,20,20,382230400,382.230400
384,1,30,30,581648263,581.648263
385,1,50,50,1050349462,1050.349462
386,1,30,30,632241266,632.241266
387,1,20,20,426663273,426.663273
388,1,10,10,198176104,198.176104
389,1,30,30,637527873,637.527873
390,1,10,10,218274995,218.274995
391,1,20,20,428612388,428.612388
392,1,50,50,1052058337,1052.058337
393,1,20,20,409703296,409.703296
394,1,50,50,1020380834,1020.380834
395,1,10,10,186921126,186.921126
396,1,30,30,615537179,615.537179
397,1,30,30,586600872,586.600872
398,1,10,10,185745913,185.745913
399,1,20,20,380925538,380.925538
400,1,50,50,1022709913,1022.709913
401,1,10,10,172490403,172.490403
402,1,20,20,393401862,393.401862
403,1,30,30,613723556,613.723556
404,1,50,50,1030241354,1030.241354
405,1,50,50,1069904154,1069.904154
406,1,30,30,646917250,646.917250
407,1,10,10,221741858,221.741858
408,1,20,20,434948354,434.948354
409,1,10,10,197471768,197.471768
410,1,20,20,402233942,402.233942
411,1,50,50,1028549947,1028.549947
412,1,30,30,618436613,618.436613
413,1,10,10,227016092,227.016092
414,1,20,20,459595395,459.595395
415,1,30,30,678423591,678.423591
416,1,50,50,1165677263,1165.677263
417,1,10,10,220221461,220.221461
418,1,50,50,1145221984,1145.221984
419,1,30,30,643284081,643.284081
420,1,20,20,432434735,432.434735
421,1,50,50,1056066656,1056.066656
422,1,20,20,399030178,399.030178
423,1,30,30,638762476,638.762476
424,1,10,10,198822860,198.822860
425,1,10,10,198542750,198.542750
426,1,20,20,398768351,398.768351
427,1,50,50,1033748683,1033.748683
428,1,30,30,587680627,587.680627
429,1,10,10,207575823,207.575823
430,1,20,20,434195501,434.195501
431,1,30,30,642092820,642.092820
432,1,50,50,1070066924,1070.066924
433,1,50,50,1056149130,1056.149130
434,1,20,20,419644369,419.644369
435,1,30,30,626322312,626.322312
436,1,10,10,214817637,214.817637
437,1,10,10,193247142,193.247142
438,1,50,50,1051359868,1051.359868
439,1,20,20,428524141,428.524141
440,1,30,30,636178059,636.178059
441,1,50,50,1050223446,1050.223446
442,1,30,30,596508333,596.508333
443,1,10,10,185242462,185.242462
444,1,20,20,392294651,392.294651
445,1,30,30,641789518,641.789518
446,1,20,20,432985185,432.985185
447,1,10,10,216256036,216.256036
448,1,50,50,1071296392,1071.296392
449,1,50,50,1138970566,1138.970566
450,1,20,20,428081098,428.081098
451,1,30,30,673274388,673.274388
452,1,10,10,199316237,199.316237
453,1,30,30,636686542,636.686542
454,1,50,50,1130588959,1130.588959
455,1,10,10,220342501,220.342501
456,1,20,20,433693981,433.693981
457,1,10,10,194132894,194.132894
458,1,20,20,414852448,414.852448
459,1,50,50,1058416453,1058.416453
460,1,30,30,620208355,620.208355
461,1,50,50,1034177970,1034.177970
462,1,20,20,422012717,422.012717
463,1,10,10,172653811,172.653811
464,1,30,30,628470778,628.470778
465,1,10,10,195115070,195.115070
466,1,50,50,1116312498,1116.312498
467,1,20,20,447742715,447.742715
468,1,30,30,674958943,674.958943
469,1,30,30,641622477,641.622477
470,1,50,50,1106416047,1106.416047
471,1,10,10,221861802,221.861802
472,1,20,20,436217748,436.217748
473,1,50,50,1061101576,1061.101576
474,1,20,20,414678942,414.678942
475,1,30,30,615821008,615.821008
476,1,10,10,196238321,196.238321
477,1,30,30,673773246,673.773246
478,1,20,20,415178075,415.178075
479,1,50,50,1107539252,1107.539252
480,1,10,10,199950111,199.950111
481,1,50,50,1071003584,1071.003584
482,1,10,10,216887472,216.887472
483,1,20,20,432705301,432.705301
484,1,30,30,642507603,642.507603
485,1,20,20,431074345,431.074345
486,1,30,30,639621503,639.621503
487,1,50,50,1066060921,1066.060921
488,1,10,10,219345409,219.345409
489,1,50,50,1064195451,1064.195451
490,1,30,30,640500352,640.500352
491,1,20,20,396584968,396.584968
492,1,10,10,183015573,183.015573
493,1,30,30,619397381,619.397381
494,1,50,50,1034480220,1034.480220
495,1,10,10,173227221,173.227221
496,1,20,20,399017657,399.017657
497,1,10,10,195101228,195.101228
498,1,50,50,1051362273,1051.362273
499,1,30,30,636807614,636.807614
500,1,20,20,410691432,410.691432
501,1,10,10,195505371,195.505371
502,1,20,20,426131301,426.131301
503,1,50,50,1042827408,1042.827408
504,1,30,30,631390326,631.390326
505,1,50,50,1070690248,1070.690248
506,1,20,20,431680123,431.680123
507,1,30,30,639968678,639.968678
508,1,10,10,219004460,219.004460
509,1,10,10,230343715,230.343715
510,1,30,30,682203779,682.203779
511,1,20,20,463673004,463.673004
512,1,50,50,1141193896,1141.193896
513,1,10,10,201178658,201.178658
514,1,30,30,604040699,604.040699
515,1,20,20,404646836,404.646836
516,1,50,50,1023226898,1023.226898
517,1,20,20,427057758,427.057758
518,1,30,30,632284379,632.284379
519,1,10,10,204887421,204.887421
520,1,50,50,1064217093,1064.217093
521,1,30,30,620452601,620.452601
522,1,50,50,1049517341,1049.517341
523,1,10,10,206184573,206.184573
524,1,20,20,415700917,415.700917
525,1,30,30,608572904,608.572904
526,1,10,10,198702232,198.702232
527,1,50,50,1028035072,1028.035072
528,1,20,20,397092495,397.092495
529,1,50,50,1054009631,1054.009631
530,1,10,10,201925898,201.925898
531,1,30,30,629246427,629.246427
532,1,20,20,414361631,414.361631
533,1,20,20,414728184,414.728184
534,1,30,30,677043396,677.043396
535,1,50,50,1141833471,1141.833471
536,1,10,10,206355053,206.355053
537,1,10,10,202269457,202.269457
538,1,50,50,1143416652,1143.416652
539,1,30,30,686957551,686.957551
540,1,20,20,425346552,425.346552
541,1,50,50,1071028595,1071.028595
542,1,20,20,414244015,414.244015
543,1,10,10,205597259,205.597259
544,1,30,30,641646460,641.646460
545,1,20,20,398986941,398.986941
546,1,10,10,198649780,198.649780
547,1,50,50,1043473900,1043.473900
548,1,30,30,594986718,594.986718
549,1,20,20,459741424,459.741424
550,1,30,30,686368380,686.368380
551,1,10,10,228633993,228.633993
552,1,50,50,1141159911,1141.159911
553,1,10,10,187836941,187.836941
554,1,30,30,566294576,566.294576
555,1,50,50,1130700298,1130.700298
556,1,20,20,381699485,381.699485
557,1,50,50,1058702549,1058.702549
558,1,30,30,642149453,642.149453
559,1,20,20,405219723,405.219723
560,1,10,10,198764906,198.764906
561,1,30,30,645178280,645.178280
562,1,20,20,434038571,434.038571
563,1,10,10,220226732,220.226732
564,1,50,50,1053107173,1053.107173
565,1,20,20,433602156,433.602156
566,1,30,30,644521855,644.521855
567,1,10,10,218507589,218.507589
568,1,50,50,1068980267,1068.980267
569,1,10,10,190209985,190.209985
570,1,50,50,1082217839,1082.217839
571,1,20,20,384133102,384.133102
572,1,30,30,581868369,581.868369
573,1,30,30,611908426,611.908426
574,1,10,10,196166830,196.166830
575,1,50,50,1026476261,1026.476261
576,1,20,20,381181229,381.181229
577,1,10,10,204200662,204.200662
578,1,20,20,460057841,460.057841
579,1,50,50,1148953915,1148.953915
580,1,30,30,693906558,693.906558
581,1,10,10,207142935,207.142935
582,1,50,50,1060280813,1060.280813
583,1,30,30,638390852,638.390852
584,1,20,20,418351378,418.351378
585,1,30,30,625800691,625.800691
586,1,20,20,396516866,396.516866
587,1,50,50,1036246287,1036.246287
588,1,10,10,197657857,197.657857
589,1,50,50,1060593898,1060.593898
590,1,20,20,384563951,384.563951
591,1,30,30,581427164,581.427164
592,1,10,10,187536136,187.536136
593,1,30,30,622369619,622.369619
594,1,50,50,1051574769,1051.574769
595,1,20,20,412351187,412.351187
596,1,10,10,205248070,205.248070
597,1,50,50,1125220786,1125.220786
598,1,20,20,459632619,459.632619
599,1,10,10,229550928,229.550928
600,1,30,30,678718235,678.718235
601,1,20,20,464857068,464.857068
602,1,10,10,231247155,231.247155
603,1,50,50,1153498075,1153.498075
604,1,30,30,694778003,694.778003
605,1,50,50,1114142899,1114.142899
606,1,20,20,451092046,451.092046
607,1,30,30,668206803,668.206803
608,1,10,10,230914645,230.914645
609,1,30,30,687951100,687.951100
610,1,10,10,232424530,232.424530
611,1,20,20,460851139,460.851139
612,1,50,50,1143908983,1143.908983
613,1,20,20,446619515,446.619515
614,1,50,50,1112699371,1112.699371
615,1,30,30,671880305,671.880305
616,1,10,10,196456721,196.456721
617,1,50,50,1048636652,1048.636652
618,1,20,20,413688999,413.688999
619,1,30,30,617367136,617.367136
620,1,10,10,197038902,197.038902
621,1,50,50,1067584370,1067.584370
622,1,10,10,205209112,205.209112
623,1,20,20,429747285,429.747285
624,1,30,30,639170504,639.170504
625,1,10,10,218617457,218.617457
626,1,30,30,638306200,638.306200
627,1,50,50,1073705971,1073.705971
628,1,20,20,430605508,430.605508
629,1,20,20,460357338,460.357338
630,1,50,50,1124239720,1124.239720
631,1,30,30,678493823,678.493823
632,1,10,10,220936371,220.936371
633,1,30,30,671697791,671.697791
634,1,50,50,1156438797,1156.438797
635,1,20,20,450852621,450.852621
636,1,10,10,228791053,228.791053
637,1,30,30,680535922,680.535922
638,1,50,50,1128660652,1128.660652
639,1,10,10,230856539,230.856539
640,1,20,20,454199148,454.199148
641,1,50,50,1066173104,1066.173104
642,1,10,10,198340660,198.340660
643,1,30,30,640750333,640.750333
644,1,20,20,431545899,431.545899
645,1,30,30,680338734,680.338734
646,1,50,50,1117670613,1117.670613
647,1,20,20,445869153,445.869153
648,1,10,10,214582192,214.582192
649,1,20,20,410806158,410.806158
650,1,10,10,195999481,195.999481
651,1,50,50,1022812881,1022.812881
652,1,30,30,617316745,617.316745
653,1,50,50,1068131527,1068.131527
654,1,20,20,431581222,431.581222
655,1,10,10,199296304,199.296304
656,1,30,30,641326766,641.326766
657,1,20,20,430832306,430.832306
658,1,30,30,672389886,672.389886
659,1,50,50,1110641199,1110.641199
660,1,10,10,220361168,220.361168
661,1,30,30,683849064,683.849064
662,1,20,20,465442302,465.442302
663,1,50,50,1142560085,1142.560085
664,1,10,10,231493259,231.493259
665,1,10,10,202229170,202.229170
666,1,20,20,407572468,407.572468
667,1,50,50,1016067893,1016.067893
668,1,30,30,612234606,612.234606
669,1,50,50,1152731815,1152.731815
670,1,20,20,468125472,468.125472
671,1,30,30,700439843,700.439843
672,1,10,10,227862501,227.862501
673,1,30,30,638977775,638.977775
674,1,50,50,1060841955,1060.841955
675,1,10,10,204663281,204.663281
676,1,20,20,412473532,412.473532
677,1,10,10,204393330,204.393330
678,1,20,20,412219050,412.219050
679,1,50,50,1137212179,1137.212179
680,1,30,30,675833216,675.833216
681,1,20,20,427664517,427.664517
682,1,50,50,1070426875,1070.426875
683,1,10,10,204480283,204.480283
684,1,30,30,634741570,634.741570
685,1,50,50,1030077611,1030.077611
686,1,20,20,399239093,399.239093
687,1,30,30,593771634,593.771634
688,1,10,10,196178394,196.178394
689,1,20,20,417256974,417.256974
690,1,50,50,1041904312,1041.904312
691,1,30,30,625574431,625.574431
692,1,10,10,206559735,206.559735
693,1,20,20,431455351,431.455351
694,1,50,50,1128036345,1128.036345
695,1,10,10,199568673,199.568673
696,1,30,30,634948155,634.948155
697,1,20,20,428248917,428.248917
698,1,10,10,218327397,218.327397
699,1,50,50,1108466254,1108.466254
700,1,30,30,635420787,635.420787
701,1,20,20,410937210,410.937210
702,1,30,30,648710336,648.710336
703,1,50,50,1078233972,1078.233972
704,1,10,10,199545318,199.545318
705,1,20,20,402272013,402.272013
706,1,50,50,1040797838,1040.797838
707,1,30,30,595952590,595.952590
708,1,10,10,199380626,199.380626
709,1,10,10,214117003,214.117003
710,1,20,20,418376695,418.376695
711,1,30,30,622624164,622.624164
712,1,50,50,1123335792,1123.335792
713,1,50,50,1042879298,1042.879298
714,1,30,30,587953700,587.953700
715,1,10,10,195061819,195.061819
716,1,20,20,392071431,392.071431
717,1,50,50,1067144540,1067.144540
718,1,20,20,412124429,412.124429
719,1,30,30,630333078,630.333078
720,1,10,10,204366453,204.366453
721,1,20,20,381022646,381.022646
722,1,30,30,589650707,589.650707
723,1,50,50,1074019357,1074.019357
724,1,10,10,171979309,171.979309
725,1,50,50,1051337654,1051.337654
726,1,30,30,606768254,606.768254
727,1,10,10,197898531,197.898531
728,1,20,20,405934442,405.934442
729,1,50,50,1050579248,1050.579248
730,1,30,30,635555047,635.555047
731,1,20,20,428947467,428.947467
732,1,10,10,218179772,218.179772
733,1,20,20,413380571,413.380571
734,1,50,50,1037374424,1037.374424
735,1,10,10,207222682,207.222682
736,1,30,30,626532303,626.532303
737,1,50,50,1036232914,1036.232914
738,1,30,30,619348337,619.348337
739,1,20,20,400647400,400.647400
740,1,10,10,198783623,198.783623
741,1,50,50,1140308323,1140.308323
742,1,20,20,460121734,460.121734
743,1,10,10,195877327,195.877327
744,1,30,30,687349463,687.349463
745,1,20,20,428703893,428.703893
746,1,10,10,195128971,195.128971
747,1,50,50,1093281725,1093.281725
748,1,30,30,659454803,659.454803
749,1,30,30,636797749,636.797749
750,1,10,10,218763252,218.763252
751,1,20,20,429169211,429.169211
752,1,50,50,1055887079,1055.887079
753,1,50,50,1149284318,1149.284318
754,1,30,30,675688858,675.688858
755,1,10,10,221803300,221.803300
756,1,20,20,448893818,448.893818
757,1,20,20,414250930,414.250930
758,1,50,50,1066830747,1066.830747
759,1,30,30,618953182,618.953182
760,1,10,10,198348929,198.348929
761,1,20,20,402747797,402.747797
762,1,50,50,1026379893,1026.379893
763,1,30,30,613559992,613.559992
764,1,10,10,190590707,190.590707
765,1,20,20,431549318,431.549318
766,1,10,10,195650415,195.650415
767,1,30,30,641046676,641.046676
768,1,50,50,1064840307,1064.840307
769,1,30,30,615698282,615.698282
770,1,50,50,1116030132,1116.030132
771,1,10,10,206277219,206.277219
772,1,20,20,415180033,415.180033
773,1,50,50,1034258104,1034.258104
774,1,30,30,635430633,635.430633
775,1,10,10,208663831,208.663831
776,1,20,20,419981220,419.981220
777,1,10,10,197359676,197.359676
778,1,20,20,415590006,415.590006
779,1,50,50,1068061521,1068.061521
780,1,30,30,615704651,615.704651
781,1,20,20,377960981,377.960981
782,1,50,50,1052478582,1052.478582
783,1,10,10,193467345,193.467345
784,1,30,30,621102876,621.102876
785,1,20,20,435847019,435.847019
786,1,30,30,647311334,647.311334
787,1,50,50,1077191529,1077.191529
788,1,10,10,207166479,207.166479
789,1,50,50,1112542894,1112.542894
790,1,20,20,415063517,415.063517
791,1,30,30,670702062,670.702062
792,1,10,10,204996835,204.996835
793,1,50,50,1140669316,1140.669316
794,1,10,10,198756525,198.756525
795,1,30,30,636026561,636.026561
796,1,20,20,430109757,430.109757
797,1,50,50,1101072499,1101.072499
798,1,20,20,445504757,445.504757
799,1,30,30,673483077,673.483077
800,1,10,10,227101803,227.101803
801,1,20,20,413440765,413.440765
802,1,30,30,618124747,618.124747
803,1,10,10,186699786,186.699786
804,1,50,50,1064838228,1064.838228
805,1,20,20,430767468,430.767468
806,1,50,50,1106522338,1106.522338
807,1,30,30,644462107,644.462107
808,1,10,10,205095278,205.095278
809,1,50,50,1077488445,1077.488445
810,1,30,30,637189074,637.189074
811,1,20,20,428113267,428.113267
812,1,10,10,218692730,218.692730
813,1,10,10,218107713,218.107713
814,1,20,20,430377659,430.377659
815,1,50,50,1074599789,1074.599789
816,1,30,30,645082236,645.082236
817,1,20,20,403167585,403.167585
818,1,30,30,682979046,682.979046
819,1,50,50,1149966157,1149.966157
820,1,10,10,200042393,200.042393
821,1,30,30,640185214,640.185214
822,1,50,50,1078618713,1078.618713
823,1,10,10,219966898,219.966898
824,1,20,20,429454851,429.454851
825,1,10,10,229091010,229.091010
826,1,30,30,692856379,692.856379
827,1,20,20,470234541,470.234541
828,1,50,50,1141593700,1141.593700
829,1,50,50,1041718273,1041.718273
830,1,30,30,631687692,631.687692
831,1,20,20,375401268,375.401268
832,1,10,10,194260669,194.260669
833,1,10,10,204287368,204.287368
834,1,50,50,1037714268,1037.714268
835,1,30,30,626474904,626.474904
836,1,20,20,416210884,416.210884
837,1,20,20,401236269,401.236269
838,1,30,30,638276158,638.276158
839,1,10,10,192092408,192.092408
840,1,50,50,1048481125,1048.481125
841,1,10,10,186270779,186.270779
842,1,20,20,409504883,409.504883
843,1,50,50,1048313576,1048.313576
844,1,30,30,611517628,611.517628
845,1,50,50,1068950165,1068.950165
846,1,20,20,400728035,400.728035
847,1,30,30,639818882,639.818882
848,1,10,10,193666172,193.666172
849,1,50,50,1026866226,1026.866226
850,1,30,30,613334852,613.334852
851,1,10,10,192212604,192.212604
852,1,20,20,413301970,413.301970
853,1,50,50,1142364748,1142.364748
854,1,30,30,682995320,682.995320
855,1,20,20,448803478,448.803478
856,1,10,10,228862955,228.862955
857,1,20,20,426562634,426.562634
858,1,50,50,1044359419,1044.359419
859,1,10,10,197100756,197.100756
860,1,30,30,635537892,635.537892
861,1,20,20,416517518,416.517518
862,1,10,10,206852865,206.852865
863,1,50,50,1045882726,1045.882726
864,1,30,30,635403917,635.403917
865,1,50,50,1141238031,1141.238031
866,1,20,20,459936317,459.936317
867,1,30,30,687191519,687.191519
868,1,10,10,229185012,229.185012
869,1,50,50,1080797893,1080.797893
870,1,10,10,206531918,206.531918
871,1,30,30,646829207,646.829207
872,1,20,20,431428830,431.428830
873,1,50,50,1027280946,1027.280946
874,1,10,10,195587312,195.587312
875,1,20,20,416830166,416.830166
876,1,30,30,623149511,623.149511
877,1,20,20,426589559,426.589559
878,1,50,50,1043932058,1043.932058
879,1,30,30,635279095,635.279095
880,1,10,10,217194788,217.194788
881,1,30,30,648594222,648.594222
882,1,10,10,221189181,221.189181
883,1,20,20,434906324,434.906324
884,1,50,50,1093983466,1093.983466
885,1,50,50,1121204617,1121.204617
886,1,20,20,457520984,457.520984
887,1,10,10,220107926,220.107926
888,1,30,30,681818411,681.818411
889,1,30,30,702450904,702.450904
890,1,50,50,1157621002,1157.621002
891,1,10,10,194732744,194.732744
892,1,20,20,430648490,430.648490
893,1,50,50,1058118373,1058.118373
894,1,10,10,219051798,219.051798
895,1,30,30,641522474,641.522474
896,1,20,20,430720806,430.720806
897,1,50,50,1071980903,1071.980903
898,1,20,20,430405239,430.405239
899,1,30,30,644766316,644.766316
900,1,10,10,218332457,218.332457
901,1,30,30,640655372,640.655372
902,1,50,50,1048938680,1048.938680
903,1,10,10,197458227,197.458227
904,1,20,20,395189900,395.189900
905,1,50,50,1036450916,1036.450916
906,1,30,30,625146475,625.146475
907,1,20,20,381803597,381.803597
908,1,10,10,194059159,194.059159
909,1,50,50,1056498601,1056.498601
910,1,30,30,639733717,639.733717
911,1,20,20,403538344,403.538344
912,1,10,10,198802066,198.802066
913,1,50,50,1061125227,1061.125227
914,1,30,30,636086369,636.086369
915,1,20,20,428411405,428.411405
916,1,10,10,173627926,173.627926
917,1,20,20,436319106,436.319106
918,1,30,30,648003081,648.003081
919,1,10,10,218690252,218.690252
920,1,50,50,1073891212,1073.891212
921,1,50,50,1072112337,1072.112337
922,1,30,30,642997143,642.997143
923,1,10,10,196006449,196.006449
924,1,20,20,432817444,432.817444
925,1,30,30,677548323,677.548323
926,1,20,20,459465180,459.465180
927,1,50,50,1143844589,1143.844589
928,1,10,10,230457420,230.457420
929,1,30,30,617265576,617.265576
930,1,20,20,413087045,413.087045
931,1,50,50,1141671748,1141.671748
932,1,10,10,197012691,197.012691
933,1,10,10,229550174,229.550174
934,1,30,30,686140295,686.140295
935,1,50,50,1121470478,1121.470478
936,1,20,20,461684243,461.684243
937,1,30,30,644011015,644.011015
938,1,10,10,195731938,195.731938
939,1,50,50,1073130471,1073.130471
940,1,20,20,393810374,393.810374
941,1,20,20,432042575,432.042575
942,1,50,50,1061911987,1061.911987
943,1,10,10,220434977,220.434977
944,1,30,30,641765116,641.765116
945,1,10,10,217050558,217.050558
946,1,20,20,425872988,425.872988
947,1,30,30,633316570,633.316570
948,1,50,50,1046904497,1046.904497
949,1,50,50,1081305162,1081.305162
950,1,20,20,398217344,398.217344
951,1,30,30,639852617,639.852617
952,1,10,10,195792391,195.792391
953,1,20,20,396336717,396.336717
954,1,10,10,174363983,174.363983
955,1,30,30,589862573,589.862573
956,1,50,50,1026877946,1026.877946
957,1,10,10,231515216,231.515216
958,1,50,50,1153845419,1153.845419
959,1,20,20,467816793,467.816793
960,1,30,30,696965234,696.965234
961,2,20,20,402848919,402.848919
962,2,50,50,1074102206,1074.102206
963,2,30,30,643578268,643.578268
964,2,10,10,193898809,193.898809
965,2,20,20,449958364,449.958364
966,2,10,10,229781046,229.781046
967,2,30,30,685544718,685.544718
968,2,50,50,1149574397,1149.574397
969,2,20,20,400037272,400.037272
970,2,30,30,608054115,608.054115
971,2,10,10,199720838,199.720838
972,2,50,50,1025635808,1025.635808
973,2,30,30,629285960,629.285960
974,2,50,50,1057697049,1057.697049
975,2,20,20,427401470,427.401470
976,2,10,10,221639040,221.639040
977,2,30,30,637840023,637.840023
978,2,50,50,1054123600,1054.123600
979,2,20,20,429980997,429.980997
980,2,10,10,218841861,218.841861
981,2,50,50,1075338493,1075.338493
982,2,30,30,634554769,634.554769
983,2,20,20,414720762,414.720762
984,2,10,10,205740908,205.740908
985,2,10,10,199527540,199.527540
986,2,50,50,1046845154,1046.845154
987,2,20,20,398672807,398.672807
988,2,30,30,613299297,613.299297
989,2,50,50,1022971191,1022.971191
990,2,30,30,618231602,618.231602
991,2,20,20,391908526,391.908526
992,2,10,10,195380449,195.380449
993,2,30,30,617591070,617.591070
994,2,20,20,398849030,398.849030
995,2,10,10,196354309,196.354309
996,2,50,50,1027732040,1027.732040
997,2,50,50,1118851639,1118.851639
998,2,10,10,185673464,185.673464
999,2,20,20,376789057,376.789057
1000,2,30,30,560502454,560.502454
1001,2,20,20,466011620,466.011620
1002,2,50,50,1140872103,1140.872103
1003,2,30,30,699076501,699.076501
1004,2,10,10,233802716,233.802716
1005,2,20,20,432977197,432.977197
1006,2,50,50,1151761731,1151.761731
1007,2,30,30,643387902,643.387902
1008,2,10,10,199455833,199.455833
1009,2,10,10,195904718,195.904718
1010,2,20,20,411001424,411.001424
1011,2,50,50,1069650691,1069.650691
1012,2,30,30,609217130,609.217130
1013,2,30,30,644088095,644.088095
1014,2,10,10,196313280,196.313280
1015,2,50,50,1074033506,1074.033506
1016,2,20,20,396165141,396.165141
1017,2,30,30,684656350,684.656350
1018,2,10,10,220677938,220.677938
1019,2,50,50,1145624599,1145.624599
1020,2,20,20,434223170,434.223170
1021,2,30,30,697935076,697.935076
1022,2,10,10,200220977,200.220977
1023,2,50,50,1161697026,1161.697026
1024,2,20,20,467511440,467.511440
1025,2,50,50,1065374939,1065.374939
1026,2,20,20,413965865,413.965865
1027,2,10,10,186509873,186.509873
1028,2,30,30,619734392,619.734392
1029,2,20,20,451579555,451.579555
1030,2,10,10,229507381,229.507381
1031,2,50,50,1116934044,1116.934044
1032,2,30,30,668419725,668.419725
1033,2,30,30,618731544,618.731544
1034,2,20,20,413423018,413.423018
1035,2,50,50,1062274291,1062.274291
1036,2,10,10,203612519,203.612519
1037,2,30,30,634591281,634.591281
1038,2,50,50,1070033140,1070.033140
1039,2,10,10,218970398,218.970398
1040,2,20,20,430132711,430.132711
1041,2,20,20,378787909,378.787909
1042,2,10,10,193667305,193.667305
1043,2,50,50,1041095764,1041.095764
1044,2,30,30,626517402,626.517402
1045,2,50,50,1152188124,1152.188124
1046,2,20,20,450543011,450.543011
1047,2,10,10,228498923,228.498923
1048,2,30,30,675511098,675.511098
1049,2,10,10,200860755,200.860755
1050,2,50,50,1025375395,1025.375395
1051,2,30,30,604119039,604.119039
1052,2,20,20,406262155,406.262155
1053,2,50,50,1067867076,1067.867076
1054,2,20,20,432266031,432.266031
1055,2,10,10,216717476,216.717476
1056,2,30,30,644209541,644.209541
1057,2,30,30,643502253,643.502253
1058,2,20,20,433743424,433.743424
1059,2,10,10,205656823,205.656823
1060,2,50,50,1070562429,1070.562429
1061,2,30,30,622534557,622.534557
1062,2,20,20,417863338,417.863338
1063,2,50,50,1124350479,1124.350479
1064,2,10,10,215000840,215.000840
1065,2,10,10,206364339,206.364339
1066,2,50,50,1047255578,1047.255578
1067,2,30,30,634481754,634.481754
1068,2,20,20,416647507,416.647507
1069,2,50,50,1056013235,1056.013235
1070,2,30,30,641482991,641.482991
1071,2,10,10,219610865,219.610865
1072,2,20,20,431639494,431.639494
1073,2,50,50,1122448648,1122.448648
1074,2,10,10,205833835,205.833835
1075,2,20,20,416458209,416.458209
1076,2,30,30,676395090,676.395090
1077,2,50,50,1048505436,1048.505436
1078,2,10,10,204705061,204.705061
1079,2,20,20,412756077,412.756077
1080,2,30,30,633640370,633.640370
1081,2,10,10,221479006,221.479006
1082,2,20,20,434032246,434.032246
1083,2,30,30,681705900,681.705900
1084,2,50,50,1123856605,1123.856605
1085,2,20,20,431929619,431.929619
1086,2,30,30,640547698,640.547698
1087,2,50,50,1069703381,1069.703381
1088,2,10,10,220319273,220.319273
1089,2,10,10,197884835,197.884835
1090,2,30,30,644304741,644.304741
1091,2,20,20,399695511,399.695511
1092,2,50,50,1077735967,1077.735967
1093,2,50,50,1053931788,1053.931788
1094,2,10,10,219066824,219.066824
1095,2,30,30,637889880,637.889880
1096,2,20,20,430870796,430.870796
1097,2,20,20,461135218,461.135218
1098,2,50,50,1143248773,1143.248773
1099,2,10,10,229847597,229.847597
1100,2,30,30,686334585,686.334585
1101,2,10,10,215846735,215.846735
1102,2,20,20,422902908,422.902908
1103,2,30,30,627715491,627.715491
1104,2,50,50,1036503531,1036.503531
1105,2,50,50,1030515818,1030.515818
1106,2,10,10,172956589,172.956589
1107,2,30,30,588997854,588.997854
1108,2,20,20,399249204,399.249204
1109,2,20,20,463498715,463.498715
1110,2,50,50,1142461458,1142.461458
1111,2,30,30,684368204,684.368204
1112,2,10,10,231642239,231.642239
1113,2,20,20,415629024,415.629024
1114,2,10,10,205882263,205.882263
1115,2,30,30,674181192,674.181192
1116,2,50,50,1104024461,1104.024461
1117,2,20,20,432816690,432.816690
1118,2,30,30,637680888,637.680888
1119,2,10,10,217817219,217.817219
1120,2,50,50,1053614926,1053.614926
1121,2,50,50,1070809245,1070.809245
1122,2,30,30,574946221,574.946221
1123,2,10,10,190662826,190.662826
1124,2,20,20,379173302,379.173302
1125,2,50,50,1141294314,1141.294314
1126,2,30,30,686218267,686.218267
1127,2,20,20,466383635,466.383635
1128,2,10,10,229996506,229.996506
1129,2,50,50,1075849231,1075.849231
1130,2,20,20,383445088,383.445088
1131,2,10,10,171942641,171.942641
1132,2,30,30,587065192,587.065192
1133,2,10,10,199724459,199.724459
1134,2,50,50,1144825376,1144.825376
1135,2,30,30,700669007,700.669007
1136,2,20,20,399447364,399.447364
1137,2,10,10,198882286,198.882286
1138,2,20,20,398851727,398.851727
1139,2,30,30,635809554,635.809554
1140,2,50,50,1051517993,1051.517993
1141,2,30,30,642501886,642.501886
1142,2,20,20,430955326,430.955326
1143,2,50,50,1121339936,1121.339936
1144,2,10,10,218228634,218.228634
1145,2,10,10,203240084,203.240084
1146,2,30,30,620203625,620.203625
1147,2,50,50,1037908117,1037.908117
1148,2,20,20,415927161,415.927161
1149,2,10,10,196463842,196.463842
1150,2,20,20,412180246,412.180246
1151,2,30,30,621918577,621.918577
1152,2,50,50,1070764157,1070.764157
1153,2,20,20,418283414,418.283414
1154,2,30,30,642666905,642.666905
1155,2,10,10,207262218,207.262218
1156,2,50,50,1060611529,1060.611529
1157,2,50,50,1147346751,1147.346751
1158,2,30,30,688979118,688.979118
1159,2,10,10,203908246,203.908246
1160,2,20,20,429325742,429.325742
1161,2,30,30,633293461,633.293461
1162,2,10,10,174594622,174.594622
1163,2,20,20,426066299,426.066299
1164,2,50,50,1126439178,1126.439178
1165,2,20,20,459006950,459.006950
1166,2,10,10,203991584,203.991584
1167,2,30,30,685500409,685.500409
1168,2,50,50,1142839554,1142.839554
1169,2,20,20,428801809,428.801809
1170,2,10,10,207119006,207.119006
1171,2,30,30,644229185,644.229185
1172,2,50,50,1151603573,1151.603573
1173,2,30,30,638290635,638.290635
1174,2,10,10,218363646,218.363646
1175,2,20,20,430054868,430.054868
1176,2,50,50,1120871044,1120.871044
1177,2,20,20,428213566,428.213566
1178,2,10,10,204331696,204.331696
1179,2,30,30,632236598,632.236598
1180,2,50,50,1052958518,1052.958518
1181,2,10,10,226488609,226.488609
1182,2,30,30,694871782,694.871782
1183,2,20,20,466265009,466.265009
1184,2,50,50,1150552820,1150.552820
1185,2,20,20,373972600,373.972600
1186,2,30,30,630080339,630.080339
1187,2,50,50,1037680598,1037.680598
1188,2,10,10,193590926,193.590926
1189,2,30,30,621758213,621.758213
1190,2,50,50,1028418065,1028.418065
1191,2,20,20,412616573,412.616573
1192,2,10,10,206063429,206.063429
1193,2,10,10,206793579,206.793579
1194,2,50,50,1150906213,1150.906213
1195,2,30,30,683877671,683.877671
1196,2,20,20,417605566,417.605566
1197,2,20,20,464865892,464.865892
1198,2,30,30,686563820,686.563820
1199,2,10,10,228768176,228.768176
1200,2,50,50,1174518956,1174.518956
1201,2,10,10,205922933,205.922933
1202,2,50,50,1141174540,1141.174540
1203,2,30,30,639105889,639.105889
1204,2,20,20,414558593,414.558593
1205,2,20,20,432703820,432.703820
1206,2,30,30,647117677,647.117677
1207,2,10,10,205456310,205.456310
1208,2,50,50,1070583099,1070.583099
1209,2,50,50,1120962601,1120.962601
1210,2,20,20,431985953,431.985953
1211,2,10,10,193074319,193.074319
1212,2,30,30,639724396,639.724396
1213,2,10,10,197483795,197.483795
1214,2,30,30,644764626,644.764626
1215,2,50,50,1071160427,1071.160427
1216,2,20,20,434791145,434.791145
1217,2,50,50,1150757260,1150.757260
1218,2,30,30,685738113,685.738113
1219,2,10,10,227390981,227.390981
1220,2,20,20,458842008,458.842008
1221,2,20,20,432018221,432.018221
1222,2,30,30,642251020,642.251020
1223,2,10,10,220159458,220.159458
1224,2,50,50,1146656063,1146.656063
1225,2,30,30,616970782,616.970782
1226,2,10,10,206099645,206.099645
1227,2,50,50,1047300490,1047.300490
1228,2,20,20,414888122,414.888122
1229,2,50,50,1074526384,1074.526384
1230,2,10,10,197990963,197.990963
1231,2,20,20,411899301,411.899301
1232,2,30,30,615952636,615.952636
1233,2,50,50,1142674841,1142.674841
1234,2,20,20,460433013,460.433013
1235,2,30,30,687824352,687.824352
1236,2,10,10,229062920,229.062920
1237,2,20,20,446619345,446.619345
1238,2,10,10,196373314,196.373314
1239,2,30,30,670400508,670.400508
1240,2,50,50,1112509976,1112.509976
1241,2,10,10,195878678,195.878678
1242,2,30,30,613342849,613.342849
1243,2,50,50,1053673794,1053.673794
1244,2,20,20,397904108,397.904108
1245,2,20,20,414449631,414.449631
1246,2,10,10,196222287,196.222287
1247,2,50,50,1035945192,1035.945192
1248,2,30,30,622618906,622.618906
1249,2,20,20,427812705,427.812705
1250,2,50,50,1107935132,1107.935132
1251,2,30,30,631621807,631.621807
1252,2,10,10,216595056,216.595056
1253,2,10,10,205073221,205.073221
1254,2,20,20,412395516,412.395516
1255,2,30,30,616554999,616.554999
1256,2,50,50,1051809443,1051.809443
1257,2,50,50,1144404762,1144.404762
1258,2,30,30,686191239,686.191239
1259,2,20,20,466364413,466.364413
1260,2,10,10,231531155,231.531155
1261,2,10,10,183942429,183.942429
1262,2,30,30,642552441,642.552441
1263,2,50,50,1071278049,1071.278049
1264,2,20,20,400544467,400.544467
1265,2,20,20,431672500,431.672500
1266,2,10,10,205875146,205.875146
1267,2,30,30,639260245,639.260245
1268,2,50,50,1169627996,1169.627996
1269,2,10,10,219412251,219.412251
1270,2,20,20,448766269,448.766269
1271,2,50,50,1116399346,1116.399346
1272,2,30,30,675144980,675.144980
1273,2,30,30,678109515,678.109515
1274,2,20,20,459366680,459.366680
1275,2,10,10,228663782,228.663782
1276,2,50,50,1122066850,1122.066850
1277,2,20,20,459217808,459.217808
1278,2,50,50,1148304285,1148.304285
1279,2,10,10,229734236,229.734236
1280,2,30,30,690166389,690.166389
1281,2,20,20,435381270,435.381270
1282,2,30,30,646464352,646.464352
1283,2,10,10,217884822,217.884822
1284,2,50,50,1075251323,1075.251323
1285,2,20,20,429349996,429.349996
1286,2,10,10,218614200,218.614200
1287,2,50,50,1081328291,1081.328291
1288,2,30,30,650685891,650.685891
1289,2,10,10,196474191,196.474191
1290,2,20,20,448947257,448.947257
1291,2,50,50,1113530864,1113.530864
1292,2,30,30,679227945,679.227945
1293,2,30,30,683305404,683.305404
1294,2,10,10,206609253,206.609253
1295,2,20,20,450316234,450.316234
1296,2,50,50,1132066457,1132.066457
1297,2,20,20,416533061,416.533061
1298,2,50,50,1060060405,1060.060405
1299,2,10,10,206821884,206.821884
1300,2,30,30,635011424,635.011424
1301,2,50,50,1155088261,1155.088261
1302,2,10,10,206545932,206.545932
1303,2,20,20,433797892,433.797892
1304,2,30,30,698025281,698.025281
1305,2,30,30,642909485,642.909485
1306,2,20,20,431967311,431.967311
1307,2,50,50,1132694820,1132.694820
1308,2,10,10,220660267,220.660267
1309,2,50,50,1058893475,1058.893475
1310,2,20,20,381368925,381.368925
1311,2,30,30,577486499,577.486499
1312,2,10,10,185970269,185.970269
1313,2,30,30,619127018,619.127018
1314,2,50,50,1053415526,1053.415526
1315,2,20,20,365600913,365.600913
1316,2,10,10,186248115,186.248115
1317,2,50,50,1024551883,1024.551883
1318,2,10,10,193100310,193.100310
1319,2,20,20,379460055,379.460055
1320,2,30,30,603849371,603.849371
1321,2,50,50,1039893387,1039.893387
1322,2,30,30,629540625,629.540625
1323,2,20,20,424828641,424.828641
1324,2,10,10,216206466,216.206466
1325,2,50,50,1059576250,1059.576250
1326,2,20,20,432081444,432.081444
1327,2,10,10,219275618,219.275618
1328,2,30,30,640602628,640.602628
1329,2,20,20,433822545,433.822545
1330,2,50,50,1055456119,1055.456119
1331,2,10,10,218271309,218.271309
1332,2,30,30,637572248,637.572248
1333,2,10,10,217062403,217.062403
1334,2,20,20,428832811,428.832811
1335,2,30,30,645227010,645.227010
1336,2,50,50,1076791845,1076.791845
1337,2,30,30,598980533,598.980533
1338,2,20,20,401232447,401.232447
1339,2,10,10,199333934,199.333934
1340,2,50,50,1022220167,1022.220167
1341,2,20,20,438023636,438.023636
1342,2,10,10,222628596,222.628596
1343,2,30,30,659481199,659.481199
1344,2,50,50,1116505086,1116.505086
1345,2,30,30,644934404,644.934404
1346,2,10,10,197134035,197.134035
1347,2,50,50,1067528116,1067.528116
1348,2,20,20,398563600,398.563600
1349,2,20,20,412329045,412.329045
1350,2,50,50,1041899140,1041.899140
1351,2,30,30,630305886,630.305886
1352,2,10,10,206555737,206.555737
1353,2,10,10,198919629,198.919629
1354,2,20,20,426903109,426.903109
1355,2,30,30,679630291,679.630291
1356,2,50,50,1150962209,1150.962209
1357,2,10,10,196019026,196.019026
1358,2,20,20,398242712,398.242712
1359,2,30,30,618934194,618.934194
1360,2,50,50,1074521264,1074.521264
1361,2,20,20,428529914,428.529914
1362,2,30,30,630922519,630.922519
1363,2,50,50,1124356885,1124.356885
1364,2,10,10,199544811,199.544811
1365,2,20,20,429332009,429.332009
1366,2,30,30,642475180,642.475180
1367,2,10,10,220385774,220.385774
1368,2,50,50,1082561432,1082.561432
1369,2,10,10,174101265,174.101265
1370,2,50,50,1045267211,1045.267211
1371,2,30,30,625723999,625.723999
1372,2,20,20,403468650,403.468650
1373,2,20,20,437589361,437.589361
1374,2,30,30,645730133,645.730133
1375,2,50,50,1077185826,1077.185826
1376,2,10,10,197147298,197.147298
1377,2,30,30,644294357,644.294357
1378,2,20,20,434848898,434.848898
1379,2,50,50,1072157808,1072.157808
1380,2,10,10,185998960,185.998960
1381,2,50,50,1143190435,1143.190435
1382,2,20,20,432778764,432.778764
1383,2,10,10,219190102,219.190102
1384,2,30,30,642208953,642.208953
1385,2,50,50,1071343135,1071.343135
1386,2,30,30,639787975,639.787975
1387,2,20,20,408086368,408.086368
1388,2,10,10,197265019,197.265019
1389,2,50,50,1054201926,1054.201926
1390,2,10,10,193583739,193.583739
1391,2,30,30,638832327,638.832327
1392,2,20,20,429559847,429.559847
1393,2,30,30,637253562,637.253562
1394,2,50,50,1054951332,1054.951332
1395,2,10,10,219089781,219.089781
1396,2,20,20,432113505,432.113505
1397,2,50,50,1019202292,1019.202292
1398,2,10,10,202188527,202.188527
1399,2,30,30,609859359,609.859359
1400,2,20,20,406931273,406.931273
1401,2,30,30,619107824,619.107824
1402,2,10,10,205171136,205.171136
1403,2,50,50,1022109496,1022.109496
1404,2,20,20,416044673,416.044673
1405,2,30,30,635120097,635.120097
1406,2,50,50,1058249774,1058.249774
1407,2,10,10,198028631,198.028631
1408,2,20,20,417935296,417.935296
1409,2,30,30,645322504,645.322504
1410,2,10,10,220325637,220.325637
1411,2,50,50,1076134526,1076.134526
1412,2,20,20,433973920,433.973920
1413,2,10,10,216696696,216.696696
1414,2,50,50,1117663211,1117.663211
1415,2,20,20,446689300,446.689300
1416,2,30,30,675090894,675.090894
1417,2,10,10,218976095,218.976095
1418,2,20,20,431292228,431.292228
1419,2,50,50,1066959146,1066.959146
1420,2,30,30,641216730,641.216730
1421,2,50,50,1028338447,1028.338447
1422,2,30,30,622109364,622.109364
1423,2,20,20,399548341,399.548341
1424,2,10,10,199282371,199.282371
1425,2,20,20,434871465,434.871465
1426,2,10,10,221317291,221.317291
1427,2,30,30,645570249,645.570249
1428,2,50,50,1072073742,1072.073742
1429,2,30,30,672456642,672.456642
1430,2,20,20,448066761,448.066761
1431,2,50,50,1108081098,1108.081098
1432,2,10,10,227018750,227.018750
1433,2,50,50,1047745105,1047.745105
1434,2,20,20,425651582,425.651582
1435,2,30,30,630608520,630.608520
1436,2,10,10,196424768,196.424768
1437,2,20,20,409575979,409.575979
1438,2,30,30,636151099,636.151099
1439,2,50,50,1060282886,1060.282886
1440,2,10,10,172319313,172.319313
1441,2,20,20,400225319,400.225319
1442,2,30,30,633934497,633.934497
1443,2,10,10,191303184,191.303184
1444,2,50,50,1047053203,1047.053203
1445,2,10,10,195558249,195.558249
1446,2,50,50,1046259662,1046.259662
1447,2,30,30,611118129,611.118129
1448,2,20,20,412499675,412.499675
1449,2,30,30,646776325,646.776325
1450,2,20,20,436325500,436.325500
1451,2,50,50,1078618348,1078.618348
1452,2,10,10,195697702,195.697702
1453,2,10,10,173241656,173.241656
1454,2,50,50,1038721297,1038.721297
1455,2,30,30,617233149,617.233149
1456,2,20,20,395311336,395.311336
1457,2,20,20,423146523,423.146523
1458,2,30,30,628581353,628.581353
1459,2,50,50,1037305949,1037.305949
1460,2,10,10,215067032,215.067032
1461,2,50,50,1053672762,1053.672762
1462,2,20,20,431378836,431.378836
1463,2,10,10,216825677,216.825677
1464,2,30,30,636363967,636.363967
1465,2,30,30,596526549,596.526549
1466,2,50,50,1051119383,1051.119383
1467,2,20,20,395162214,395.162214
1468,2,10,10,185073294,185.073294
1469,2,10,10,204911651,204.911651
1470,2,30,30,647931556,647.931556
1471,2,50,50,1069664013,1069.664013
1472,2,20,20,433615444,433.615444
1473,2,10,10,204644716,204.644716
1474,2,50,50,1142207634,1142.207634
1475,2,20,20,433146607,433.146607
1476,2,30,30,699906038,699.906038
1477,2,10,10,196857904,196.857904
1478,2,30,30,634182420,634.182420
1479,2,50,50,1047835911,1047.835911
1480,2,20,20,396744594,396.744594
1481,2,20,20,413530810,413.530810
1482,2,50,50,1107334480,1107.334480
1483,2,30,30,677222631,677.222631
1484,2,10,10,200344926,200.344926
1485,2,20,20,435847242,435.847242
1486,2,10,10,222052257,222.052257
1487,2,50,50,1072286556,1072.286556
1488,2,30,30,644800152,644.800152
1489,2,20,20,400239340,400.239340
1490,2,30,30,594365037,594.365037
1491,2,50,50,1030899769,1030.899769
1492,2,10,10,197464780,197.464780
1493,2,50,50,1148118122,1148.118122
1494,2,10,10,206041536,206.041536
1495,2,30,30,681233773,681.233773
1496,2,20,20,415730487,415.730487
1497,2,30,30,614997955,614.997955
1498,2,10,10,194180862,194.180862
1499,2,50,50,1030026505,1030.026505
1500,2,20,20,413437481,413.437481
1501,2,30,30,639024539,639.024539
1502,2,50,50,1072417318,1072.417318
1503,2,20,20,427529374,427.529374
1504,2,10,10,217099922,217.099922
1505,2,20,20,444157511,444.157511
1506,2,50,50,1100387528,1100.387528
1507,2,10,10,225848483,225.848483
1508,2,30,30,667945407,667.945407
1509,2,20,20,393019127,393.019127
1510,2,30,30,589218694,589.218694
1511,2,10,10,196059483,196.059483
1512,2,50,50,1044509583,1044.509583
1513,2,20,20,425906985,425.906985
1514,2,10,10,217664209,217.664209
1515,2,50,50,1027992805,1027.992805
1516,2,30,30,623196463,623.196463
1517,2,50,50,1027760756,1027.760756
1518,2,30,30,620460038,620.460038
1519,2,10,10,206150540,206.150540
1520,2,20,20,415870109,415.870109
1521,2,20,20,462352188,462.352188
1522,2,30,30,690841582,690.841582
1523,2,50,50,1141349155,1141.349155
1524,2,10,10,229077676,229.077676
1525,2,10,10,197810873,197.810873
1526,2,30,30,593189700,593.189700
1527,2,50,50,1040154996,1040.154996
1528,2,20,20,400967112,400.967112
1529,2,20,20,461751572,461.751572
1530,2,10,10,230844777,230.844777
1531,2,50,50,1143236592,1143.236592
1532,2,30,30,686356671,686.356671
1533,2,10,10,229115978,229.115978
1534,2,50,50,1140645481,1140.645481
1535,2,20,20,460078477,460.078477
1536,2,30,30,687874930,687.874930
1537,2,50,50,1139517568,1139.517568
1538,2,20,20,410210677,410.210677
1539,2,10,10,197343017,197.343017
1540,2,30,30,616692702,616.692702
1541,2,50,50,1146309979,1146.309979
1542,2,20,20,435132753,435.132753
1543,2,30,30,640763549,640.763549
1544,2,10,10,218172838,218.172838
1545,2,10,10,205305201,205.305201
1546,2,50,50,1048102445,1048.102445
1547,2,20,20,413477792,413.477792
1548,2,30,30,635757976,635.757976
1549,2,10,10,194500343,194.500343
1550,2,20,20,389106806,389.106806
1551,2,50,50,1070643010,1070.643010
1552,2,30,30,643940295,643.940295
1553,2,50,50,1055169164,1055.169164
1554,2,30,30,633363607,633.363607
1555,2,10,10,206104982,206.104982
1556,2,20,20,426968647,426.968647
1557,2,50,50,1075193892,1075.193892
1558,2,10,10,199217530,199.217530
1559,2,20,20,433480418,433.480418
1560,2,30,30,642580052,642.580052
1561,2,10,10,205291674,205.291674
1562,2,50,50,1071663987,1071.663987
1563,2,30,30,642928750,642.928750
1564,2,20,20,433983068,433.983068
1565,2,50,50,1030534846,1030.534846
1566,2,30,30,620714582,620.714582
1567,2,20,20,408859899,408.859899
1568,2,10,10,185325596,185.325596
1569,2,30,30,693764759,693.764759
1570,2,50,50,1148216544,1148.216544
1571,2,20,20,430845324,430.845324
1572,2,10,10,193364795,193.364795
1573,2,20,20,432097963,432.097963
1574,2,30,30,647275315,647.275315
1575,2,10,10,222301493,222.301493
1576,2,50,50,1079891046,1079.891046
1577,2,30,30,685540258,685.540258
1578,2,20,20,458421609,458.421609
1579,2,50,50,1120632391,1120.632391
1580,2,10,10,228519868,228.519868
1581,2,10,10,216924756,216.924756
1582,2,30,30,629608443,629.608443
1583,2,50,50,1039168475,1039.168475
1584,2,20,20,427012086,427.012086
1585,2,10,10,215925637,215.925637
1586,2,20,20,420252105,420.252105
1587,2,50,50,1064024937,1064.024937
1588,2,30,30,626298485,626.298485
1589,2,50,50,1101301050,1101.301050
1590,2,10,10,216163016,216.163016
1591,2,30,30,641685695,641.685695
1592,2,20,20,433418677,433.418677
1593,2,30,30,675370139,675.370139
1594,2,20,20,448155959,448.155959
1595,2,50,50,1118987036,1118.987036
1596,2,10,10,229245910,229.245910
1597,2,30,30,644362205,644.362205
1598,2,20,20,432176578,432.176578
1599,2,10,10,219638797,219.638797
1600,2,50,50,1106126370,1106.126370
1601,2,20,20,404267684,404.267684
1602,2,10,10,200583391,200.583391
1603,2,50,50,1037910932,1037.910932
1604,2,30,30,602310510,602.310510
1605,2,10,10,187490087,187.490087
1606,2,30,30,598791017,598.791017
1607,2,20,20,400434367,400.434367
1608,2,50,50,1108930610,1108.930610
1609,2,30,30,616640181,616.640181
1610,2,10,10,197070539,197.070539
1611,2,20,20,413096995,413.096995
1612,2,50,50,1044568457,1044.568457
1613,2,30,30,622086949,622.086949
1614,2,50,50,1022867498,1022.867498
1615,2,20,20,410785415,410.785415
1616,2,10,10,195761093,195.761093
1617,2,10,10,192783994,192.783994
1618,2,50,50,1026567592,1026.567592
1619,2,20,20,403796751,403.796751
1620,2,30,30,618592802,618.592802
1621,2,50,50,1062015028,1062.015028
1622,2,30,30,637099640,637.099640
1623,2,10,10,198557440,198.557440
1624,2,20,20,427075331,427.075331
1625,2,10,10,226597261,226.597261
1626,2,50,50,1102340455,1102.340455
1627,2,20,20,443115967,443.115967
1628,2,30,30,656936372,656.936372
1629,2,50,50,1117884973,1117.884973
1630,2,30,30,673761100,673.761100
1631,2,10,10,198698094,198.698094
1632,2,20,20,436654541,436.654541
1633,2,10,10,201363083,201.363083
1634,2,20,20,403607423,403.607423
1635,2,30,30,594447590,594.447590
1636,2,50,50,1044064398,1044.064398
1637,2,30,30,677384940,677.384940
1638,2,10,10,207254892,207.254892
1639,2,50,50,1102896503,1102.896503
1640,2,20,20,405719865,405.719865
1641,2,10,10,186647141,186.647141
1642,2,50,50,1024155255,1024.155255
1643,2,30,30,614889626,614.889626
1644,2,20,20,393315503,393.315503
1645,2,20,20,380628358,380.628358
1646,2,50,50,980241963,980.241963
1647,2,10,10,178534824,178.534824
1648,2,30,30,574414725,574.414725
1649,2,50,50,1010130759,1010.130759
1650,2,10,10,188025607,188.025607
1651,2,20,20,377590523,377.590523
1652,2,30,30,606446824,606.446824
1653,2,30,30,647193729,647.193729
1654,2,20,20,408076480,408.076480
1655,2,50,50,1094438859,1094.438859
1656,2,10,10,196752977,196.752977
1657,2,30,30,648107385,648.107385
1658,2,20,20,440016173,440.016173
1659,2,10,10,213255676,213.255676
1660,2,50,50,1073479693,1073.479693
1661,2,30,30,647350303,647.350303
1662,2,10,10,208071274,208.071274
1663,2,50,50,1075689059,1075.689059
1664,2,20,20,437827575,437.827575
1665,2,20,20,381576829,381.576829
1666,2,50,50,1004925405,1004.925405
1667,2,10,10,189286369,189.286369
1668,2,30,30,607473572,607.473572
1669,2,20,20,406101815,406.101815
1670,2,50,50,1005851625,1005.851625
1671,2,10,10,164717922,164.717922
1672,2,30,30,603657257,603.657257
1673,2,30,30,609365168,609.365168
1674,2,10,10,190140784,190.140784
1675,2,50,50,1007589749,1007.589749
1676,2,20,20,410265956,410.265956
1677,2,20,20,382008534,382.008534
1678,2,50,50,986575860,986.575860
1679,2,30,30,562142410,562.142410
1680,2,10,10,185403178,185.403178
1681,2,10,10,216750973,216.750973
1682,2,30,30,633445022,633.445022
1683,2,50,50,1052321577,1052.321577
1684,2,20,20,420972778,420.972778
1685,2,10,10,219070918,219.070918
1686,2,50,50,1093363638,1093.363638
1687,2,30,30,651434621,651.434621
1688,2,20,20,439346024,439.346024
1689,2,30,30,670133733,670.133733
1690,2,50,50,1113289999,1113.289999
1691,2,10,10,211216819,211.216819
1692,2,20,20,439128793,439.128793
1693,2,10,10,187100737,187.100737
1694,2,30,30,608117106,608.117106
1695,2,50,50,1007459078,1007.459078
1696,2,20,20,393521759,393.521759
1697,2,30,30,657440875,657.440875
1698,2,20,20,446003980,446.003980
1699,2,50,50,1091241353,1091.241353
1700,2,10,10,219520167,219.520167
1701,2,20,20,413837947,413.837947
1702,2,30,30,614032648,614.032648
1703,2,50,50,1027513380,1027.513380
1704,2,10,10,212796856,212.796856
1705,2,30,30,607200622,607.200622
1706,2,20,20,410231579,410.231579
1707,2,50,50,1027258938,1027.258938
1708,2,10,10,195268457,195.268457
1709,2,30,30,579013983,579.013983
1710,2,10,10,188646037,188.646037
1711,2,50,50,1004500621,1004.500621
1712,2,20,20,387222789,387.222789
1713,2,50,50,1022406422,1022.406422
1714,2,10,10,207269125,207.269125
1715,2,20,20,412475781,412.475781
1716,2,30,30,613072732,613.072732
1717,2,10,10,196771268,196.771268
1718,2,50,50,1069722486,1069.722486
1719,2,30,30,611399879,611.399879
1720,2,20,20,394886637,394.886637
1721,2,50,50,1049300336,1049.300336
1722,2,10,10,209738303,209.738303
1723,2,20,20,413157088,413.157088
1724,2,30,30,612648108,612.648108
1725,2,20,20,412308494,412.308494
1726,2,30,30,613523142,613.523142
1727,2,10,10,210599711,210.599711
1728,2,50,50,1011692785,1011.692785
1729,2,20,20,426715050,426.715050
1730,2,10,10,216514323,216.514323
1731,2,50,50,1095585338,1095.585338
1732,2,30,30,641213351,641.213351
1733,2,30,30,608056867,608.056867
1734,2,20,20,408973828,408.973828
1735,2,10,10,184131251,184.131251
1736,2,50,50,1004474647,1004.474647
1737,2,10,10,196081944,196.081944
1738,2,30,30,615600638,615.600638
1739,2,50,50,1032177721,1032.177721
1740,2,20,20,389148667,389.148667
1741,2,10,10,189965180,189.965180
1742,2,50,50,1092660897,1092.660897
1743,2,20,20,382775919,382.775919
1744,2,30,30,652901406,652.901406
1745,2,30,30,574222509,574.222509
1746,2,50,50,941989793,941.989793
1747,2,20,20,381387714,381.387714
1748,2,10,10,190188301,190.188301
1749,2,10,10,211326875,211.326875
1750,2,50,50,1074938680,1074.938680
1751,2,30,30,616831473,616.831473
1752,2,20,20,416007715,416.007715
1753,2,50,50,1071670811,1071.670811
1754,2,10,10,190877804,190.877804
1755,2,30,30,644159378,644.159378
1756,2,20,20,427625408,427.625408
1757,2,30,30,599723800,599.723800
1758,2,10,10,164620794,164.620794
1759,2,20,20,404661383,404.661383
1760,2,50,50,993711183,993.711183
1761,2,50,50,997351575,997.351575
1762,2,20,20,380817245,380.817245
1763,2,10,10,190216895,190.216895
1764,2,30,30,569307846,569.307846
1765,2,50,50,966726596,966.726596
1766,2,30,30,588769979,588.769979
1767,2,10,10,187917207,187.917207
1768,2,20,20,392145871,392.145871
1769,2,30,30,613405965,613.405965
1770,2,50,50,1023346828,1023.346828
1771,2,20,20,413471709,413.471709
1772,2,10,10,187357268,187.357268
1773,2,10,10,177491877,177.491877
1774,2,30,30,562589222,562.589222
1775,2,50,50,981882658,981.882658
1776,2,20,20,364925058,364.925058
1777,2,10,10,221890885,221.890885
1778,2,50,50,1098034999,1098.034999
1779,2,30,30,664433904,664.433904
1780,2,20,20,445417683,445.417683
1781,2,20,20,411567819,411.567819
1782,2,30,30,610702352,610.702352
1783,2,50,50,1008747305,1008.747305
1784,2,10,10,195942459,195.942459
1785,2,20,20,388685568,388.685568
1786,2,10,10,177245781,177.245781
1787,2,50,50,1002248888,1002.248888
1788,2,30,30,607449442,607.449442
1789,2,10,10,219565378,219.565378
1790,2,50,50,1075700932,1075.700932
1791,2,20,20,439362815,439.362815
1792,2,30,30,649138726,649.138726
1793,2,50,50,1009110019,1009.110019
1794,2,30,30,603856658,603.856658
1795,2,10,10,192663719,192.663719
1796,2,20,20,396303921,396.303921
1797,2,50,50,1049843726,1049.843726
1798,2,30,30,612069294,612.069294
1799,2,20,20,412861082,412.861082
1800,2,10,10,209851183,209.851183
1801,2,10,10,189668126,189.668126
1802,2,50,50,1002596132,1002.596132
1803,2,20,20,406797418,406.797418
1804,2,30,30,602500734,602.500734
1805,2,20,20,413426952,413.426952
1806,2,30,30,613636767,613.636767
1807,2,10,10,210891810,210.891810
1808,2,50,50,1023293299,1023.293299
1809,2,50,50,1011431874,1011.431874
1810,2,10,10,184751411,184.751411
1811,2,30,30,589714700,589.714700
1812,2,20,20,361409940,361.409940
1813,2,10,10,210781842,210.781842
1814,2,30,30,613119488,613.119488
1815,2,50,50,1029721320,1029.721320
1816,2,20,20,414054467,414.054467
1817,2,30,30,644874431,644.874431
1818,2,10,10,210603384,210.603384
1819,2,20,20,411081386,411.081386
1820,2,50,50,1067984488,1067.984488
1821,2,10,10,187129065,187.129065
1822,2,20,20,439596815,439.596815
1823,2,50,50,1095076836,1095.076836
1824,2,30,30,659113591,659.113591
1825,2,30,30,591823706,591.823706
1826,2,20,20,396565312,396.565312
1827,2,10,10,187848525,187.848525
1828,2,50,50,1005820012,1005.820012
1829,2,20,20,406469616,406.469616
1830,2,10,10,207468417,207.468417
1831,2,30,30,604687886,604.687886
1832,2,50,50,1025879875,1025.879875
1833,2,50,50,983778330,983.778330
1834,2,10,10,177657688,177.657688
1835,2,30,30,554301288,554.301288
1836,2,20,20,366044831,366.044831
1837,2,30,30,641197578,641.197578
1838,2,10,10,196075719,196.075719
1839,2,20,20,425901162,425.901162
1840,2,50,50,1056101609,1056.101609
1841,2,50,50,1023525843,1023.525843
1842,2,10,10,210669538,210.669538
1843,2,20,20,413431597,413.431597
1844,2,30,30,613906081,613.906081
1845,2,30,30,614535732,614.535732
1846,2,20,20,413855238,413.855238
1847,2,50,50,1025270319,1025.270319
1848,2,10,10,190144645,190.144645
1849,2,30,30,558882788,558.882788
1850,2,50,50,1008987195,1008.987195
1851,2,20,20,380421369,380.421369
1852,2,10,10,189090482,189.090482
1853,2,50,50,1022451570,1022.451570
1854,2,10,10,197309861,197.309861
1855,2,30,30,610110374,610.110374
1856,2,20,20,410675696,410.675696
1857,2,10,10,188717968,188.717968
1858,2,50,50,980337531,980.337531
1859,2,20,20,379593363,379.593363
1860,2,30,30,586942585,586.942585
1861,2,10,10,195387958,195.387958
1862,2,30,30,607350686,607.350686
1863,2,50,50,1004168013,1004.168013
1864,2,20,20,409161854,409.161854
1865,2,20,20,412005098,412.005098
1866,2,30,30,611258003,611.258003
1867,2,50,50,1025658039,1025.658039
1868,2,10,10,195866421,195.866421
1869,2,20,20,407222257,407.222257
1870,2,10,10,195579660,195.579660
1871,2,30,30,603008967,603.008967
1872,2,50,50,1027131294,1027.131294
1873,2,50,50,1000564838,1000.564838
1874,2,20,20,407777285,407.777285
1875,2,10,10,186766748,186.766748
1876,2,30,30,603319344,603.319344
1877,2,20,20,439574739,439.574739
1878,2,50,50,1094890022,1094.890022
1879,2,30,30,656120815,656.120815
1880,2,10,10,219000757,219.000757
1881,2,30,30,658932351,658.932351
1882,2,50,50,1101176957,1101.176957
1883,2,20,20,440336979,440.336979
1884,2,10,10,221840867,221.840867
1885,2,50,50,1104020221,1104.020221
1886,2,30,30,672256870,672.256870
1887,2,20,20,444373010,444.373010
1888,2,10,10,221730147,221.730147
1889,2,30,30,607820962,607.820962
1890,2,50,50,1011184823,1011.184823
1891,2,20,20,409458071,409.458071
1892,2,10,10,187059240,187.059240
1893,2,50,50,1075928382,1075.928382
1894,2,30,30,608662934,608.662934
1895,2,20,20,407729945,407.729945
1896,2,10,10,196383568,196.383568
1897,2,10,10,195835011,195.835011
1898,2,50,50,1056942718,1056.942718
1899,2,30,30,614466274,614.466274
1900,2,20,20,411362521,411.362521
1901,2,20,20,393703166,393.703166
1902,2,50,50,1071939138,1071.939138
1903,2,10,10,195926935,195.926935
1904,2,30,30,592585248,592.585248
1905,2,10,10,208878500,208.878500
1906,2,50,50,1021647189,1021.647189
1907,2,20,20,411278132,411.278132
1908,2,30,30,611890915,611.890915
1909,2,10,10,197811177,197.811177
1910,2,20,20,396441682,396.441682
1911,2,50,50,1023114833,1023.114833
1912,2,30,30,613223423,613.223423
1913,2,30,30,588395105,588.395105
1914,2,50,50,1006911319,1006.911319
1915,2,10,10,178026935,178.026935
1916,2,20,20,393951735,393.951735
1917,2,20,20,428611069,428.611069
1918,2,10,10,211625573,211.625573
1919,2,30,30,644039281,644.039281
1920,2,50,50,1096529183,1096.529183
1921,3,50,50,1027310283,1027.310283
1922,3,20,20,414332555,414.332555
1923,3,30,30,613528259,613.528259
1924,3,10,10,196691310,196.691310
1925,3,10,10,195713711,195.713711
1926,3,30,30,603279122,603.279122
1927,3,20,20,393438484,393.438484
1928,3,50,50,1022923518,1022.923518
1929,3,30,30,614154371,614.154371
1930,3,50,50,1056667171,1056.667171
1931,3,20,20,412750924,412.750924
1932,3,10,10,210827553,210.827553
1933,3,20,20,439385067,439.385067
1934,3,10,10,211135065,211.135065
1935,3,50,50,1113300867,1113.300867
1936,3,30,30,669049231,669.049231
1937,3,30,30,608711771,608.711771
1938,3,50,50,1008296174,1008.296174
1939,3,20,20,409915694,409.915694
1940,3,10,10,184442422,184.442422
1941,3,30,30,648123490,648.123490
1942,3,50,50,1075827552,1075.827552
1943,3,10,10,219829231,219.829231
1944,3,20,20,444492271,444.492271
1945,3,50,50,1007927054,1007.927054
1946,3,30,30,560076364,560.076364
1947,3,20,20,379880040,379.880040
1948,3,10,10,188629127,188.629127
1949,3,30,30,578396809,578.396809
1950,3,20,20,380127708,380.127708
1951,3,50,50,985597198,985.597198
1952,3,10,10,190100027,190.100027
1953,3,20,20,412367628,412.367628
1954,3,30,30,612029081,612.029081
1955,3,10,10,209701854,209.701854
1956,3,50,50,1011278037,1011.278037
1957,3,10,10,219060708,219.060708
1958,3,30,30,657025367,657.025367
1959,3,50,50,1098167513,1098.167513
1960,3,20,20,440779661,440.779661
1961,3,20,20,383347073,383.347073
1962,3,50,50,978999994,978.999994
1963,3,10,10,183637830,183.637830
1964,3,30,30,587206222,587.206222
1965,3,10,10,187163084,187.163084
1966,3,20,20,407370029,407.370029
1967,3,30,30,603549419,603.549419
1968,3,50,50,1000280554,1000.280554
1969,3,20,20,409589705,409.589705
1970,3,30,30,603158750,603.158750
1971,3,10,10,191027129,191.027129
1972,3,50,50,1076275022,1076.275022
1973,3,20,20,414505859,414.505859
1974,3,10,10,188070991,188.070991
1975,3,50,50,1025240490,1025.240490
1976,3,30,30,613201255,613.201255
1977,3,30,30,579171271,579.171271
1978,3,50,50,1005019492,1005.019492
1979,3,10,10,188807893,188.807893
1980,3,20,20,388057858,388.057858
1981,3,20,20,428558135,428.558135
1982,3,30,30,644312901,644.312901
1983,3,50,50,1073928153,1073.928153
1984,3,10,10,205765782,205.765782
1985,3,30,30,608767552,608.767552
1986,3,20,20,410624581,410.624581
1987,3,50,50,1009384032,1009.384032
1988,3,10,10,209656347,209.656347
1989,3,10,10,190069248,190.069248
1990,3,20,20,383360948,383.360948
1991,3,30,30,571997437,571.997437
1992,3,50,50,990186177,990.186177
1993,3,20,20,439814884,439.814884
1994,3,30,30,650269702,650.269702
1995,3,10,10,219623210,219.623210
1996,3,50,50,1080410857,1080.410857
1997,3,50,50,1098661190,1098.661190
1998,3,30,30,658544314,658.544314
1999,3,10,10,195408933,195.408933
2000,3,20,20,439505909,439.505909
2001,3,20,20,410150924,410.150924
2002,3,50,50,1094867356,1094.867356
2003,3,10,10,190438685,190.438685
2004,3,30,30,646193053,646.193053
2005,3,20,20,389133701,389.133701
2006,3,10,10,177690175,177.690175
2007,3,50,50,1003923906,1003.923906
2008,3,30,30,607091942,607.091942
2009,3,10,10,185482466,185.482466
2010,3,20,20,359086967,359.086967
2011,3,30,30,603438676,603.438676
2012,3,50,50,999537072,999.537072
2013,3,20,20,409657521,409.657521
2014,3,50,50,1029408403,1029.408403
2015,3,10,10,209278212,209.278212
2016,3,30,30,608658724,608.658724
2017,3,30,30,607658181,607.658181
2018,3,50,50,1005211689,1005.211689
2019,3,10,10,188282509,188.282509
2020,3,20,20,381556434,381.556434
2021,3,10,10,187071940,187.071940
2022,3,20,20,376123544,376.123544
2023,3,30,30,563440628,563.440628
2024,3,50,50,996846734,996.846734
2025,3,30,30,610929596,610.929596
2026,3,20,20,411308511,411.308511
2027,3,50,50,1011878381,1011.878381
2028,3,10,10,209367751,209.367751
2029,3,10,10,196123703,196.123703
2030,3,30,30,613923485,613.923485
2031,3,50,50,1026796974,1026.796974
2032,3,20,20,396582230,396.582230
2033,3,10,10,189567769,189.567769
2034,3,50,50,995881938,995.881938
2035,3,30,30,569679431,569.679431
2036,3,20,20,380204949,380.204949
2037,3,20,20,444856062,444.856062
2038,3,10,10,222600006,222.600006
2039,3,50,50,1098217634,1098.217634
2040,3,30,30,663656063,663.656063
2041,3,20,20,395913736,395.913736
2042,3,50,50,1008585644,1008.585644
2043,3,10,10,196260931,196.260931
2044,3,30,30,608570814,608.570814
2045,3,30,30,648524006,648.524006
2046,3,50,50,1097274830,1097.274830
2047,3,10,10,196470648,196.470648
2048,3,20,20,407369853,407.369853
2049,3,30,30,607375504,607.375504
2050,3,20,20,377803518,377.803518
2051,3,50,50,1004833148,1004.833148
2052,3,10,10,188862245,188.862245
2053,3,10,10,196683140,196.683140
2054,3,50,50,996376791,996.376791
2055,3,20,20,395741590,395.741590
2056,3,30,30,602962912,602.962912
2057,3,30,30,647938157,647.938157
2058,3,20,20,428600128,428.600128
2059,3,10,10,218574765,218.574765
2060,3,50,50,1067218696,1067.218696
2061,3,30,30,649442701,649.442701
2062,3,10,10,216590073,216.590073
2063,3,20,20,441643457,441.643457
2064,3,50,50,1118334060,1118.334060
2065,3,20,20,381650409,381.650409
2066,3,30,30,569995055,569.995055
2067,3,50,50,979364017,979.364017
2068,3,10,10,178898878,178.898878
2069,3,20,20,381909179,381.909179
2070,3,10,10,165382315,165.382315
2071,3,30,30,592400482,592.400482
2072,3,50,50,996194745,996.194745
2073,3,10,10,185839058,185.839058
2074,3,30,30,612199763,612.199763
2075,3,20,20,373301105,373.301105
2076,3,50,50,1021867227,1021.867227
2077,3,20,20,439956827,439.956827
2078,3,10,10,219116960,219.116960
2079,3,50,50,1093744231,1093.744231
2080,3,30,30,658067164,658.067164
2081,3,20,20,428042954,428.042954
2082,3,30,30,644499825,644.499825
2083,3,10,10,210615508,210.615508
2084,3,50,50,1097312906,1097.312906
2085,3,50,50,1027120117,1027.120117
2086,3,30,30,613666364,613.666364
2087,3,10,10,186091635,186.091635
2088,3,20,20,393065900,393.065900
2089,3,30,30,537111127,537.111127
2090,3,50,50,1075503404,1075.503404
2091,3,10,10,177470587,177.470587
2092,3,20,20,360695423,360.695423
2093,3,20,20,409281043,409.281043
2094,3,10,10,195768269,195.768269
2095,3,30,30,608394607,608.394607
2096,3,50,50,1028711123,1028.711123
2097,3,30,30,646699913,646.699913
2098,3,20,20,438068126,438.068126
2099,3,50,50,1074669326,1074.669326
2100,3,10,10,208376915,208.376915
2101,3,50,50,1098015642,1098.015642
2102,3,10,10,197346652,197.346652
2103,3,30,30,611292755,611.292755
2104,3,20,20,406825481,406.825481
2105,3,20,20,392369762,392.369762
2106,3,50,50,998498776,998.498776
2107,3,10,10,190244887,190.244887
2108,3,30,30,587925629,587.925629
2109,3,10,10,195473982,195.473982
2110,3,20,20,412035010,412.035010
2111,3,50,50,1055578553,1055.578553
2112,3,30,30,615046060,615.046060
2113,3,50,50,1023220249,1023.220249
2114,3,30,30,614267598,614.267598
2115,3,20,20,413519134,413.519134
2116,3,10,10,210518273,210.518273
2117,3,50,50,990622794,990.622794
2118,3,10,10,195350819,195.350819
2119,3,20,20,396145159,396.145159
2120,3,30,30,592194088,592.194088
2121,3,30,30,603305213,603.305213
2122,3,10,10,196463272,196.463272
2123,3,20,20,407050094,407.050094
2124,3,50,50,1007270085,1007.270085
2125,3,20,20,411915222,411.915222
2126,3,10,10,209669788,209.669788
2127,3,30,30,609883549,609.883549
2128,3,50,50,1011055430,1011.055430
2129,3,30,30,564307809,564.307809
2130,3,50,50,990669791,990.669791
2131,3,20,20,380719156,380.719156
2132,3,10,10,165401500,165.401500
2133,3,30,30,591697047,591.697047
2134,3,10,10,196114222,196.114222
2135,3,20,20,395732298,395.732298
2136,3,50,50,989878855,989.878855
2137,3,30,30,588785552,588.785552
2138,3,20,20,394434825,394.434825
2139,3,10,10,195239548,195.239548
2140,3,50,50,1008020411,1008.020411
2141,3,20,20,349935720,349.935720
2142,3,50,50,1008743177,1008.743177
2143,3,10,10,178006519,178.006519
2144,3,30,30,592254630,592.254630
2145,3,20,20,380957526,380.957526
2146,3,30,30,560981118,560.981118
2147,3,10,10,188807729,188.807729
2148,3,50,50,987396370,987.396370
2149,3,30,30,610102912,610.102912
2150,3,10,10,209382586,209.382586
2151,3,20,20,410701546,410.701546
2152,3,50,50,1028510506,1028.510506
2153,3,30,30,643538682,643.538682
2154,3,10,10,209362397,209.362397
2155,3,20,20,411377123,411.377123
2156,3,50,50,1068523709,1068.523709
2157,3,10,10,210998149,210.998149
2158,3,30,30,613621313,613.621313
2159,3,20,20,414788582,414.788582
2160,3,50,50,1026676989,1026.676989
2161,3,10,10,209832826,209.832826
2162,3,20,20,412122222,412.122222
2163,3,30,30,612456389,612.456389
2164,3,50,50,1048795372,1048.795372
2165,3,20,20,415037682,415.037682
2166,3,30,30,613663351,613.663351
2167,3,50,50,1024169567,1024.169567
2168,3,10,10,210815734,210.815734
2169,3,30,30,665904151,665.904151
2170,3,20,20,380655623,380.655623
2171,3,50,50,1094051387,1094.051387
2172,3,10,10,190452788,190.452788
2173,3,10,10,190038034,190.038034
2174,3,20,20,411102432,411.102432
2175,3,50,50,1095647334,1095.647334
2176,3,30,30,609956723,609.956723
2177,3,20,20,396331097,396.331097
2178,3,30,30,604146579,604.146579
2179,3,10,10,196631308,196.631308
2180,3,50,50,1008448435,1008.448435
2181,3,30,30,642221519,642.221519
2182,3,10,10,196359174,196.359174
2183,3,50,50,1056864113,1056.864113
2184,3,20,20,395480960,395.480960
2185,3,30,30,554409202,554.409202
2186,3,50,50,985557790,985.557790
2187,3,20,20,364556127,364.556127
2188,3,10,10,178006287,178.006287
2189,3,30,30,610401052,610.401052
2190,3,20,20,395165694,395.165694
2191,3,50,50,1070471818,1070.471818
2192,3,10,10,196922208,196.922208
2193,3,50,50,983448121,983.448121
2194,3,10,10,188998949,188.998949
2195,3,30,30,590545395,590.545395
2196,3,20,20,395083258,395.083258
2197,3,50,50,1023574028,1023.574028
2198,3,30,30,613282859,613.282859
2199,3,20,20,414065323,414.065323
2200,3,10,10,207474236,207.474236
2201,3,50,50,986753599,986.753599
2202,3,20,20,395599453,395.599453
2203,3,30,30,593499378,593.499378
2204,3,10,10,186737554,186.737554
2205,3,10,10,196272800,196.272800
2206,3,50,50,1023320347,1023.320347
2207,3,30,30,613535527,613.535527
2208,3,20,20,414424621,414.424621
2209,3,30,30,608824881,608.824881
2210,3,50,50,1072777042,1072.777042
2211,3,20,20,411141605,411.141605
2212,3,10,10,184642713,184.642713
2213,3,30,30,579114053,579.114053
2214,3,20,20,363438833,363.438833
2215,3,50,50,983538830,983.538830
2216,3,10,10,184453696,184.453696
2217,3,10,10,187174650,187.174650
2218,3,50,50,1025851530,1025.851530
2219,3,30,30,616191978,616.191978
2220,3,20,20,414545519,414.545519
2221,3,10,10,222419820,222.419820
2222,3,50,50,1103423879,1103.423879
2223,3,30,30,669592730,669.592730
2224,3,20,20,444426899,444.426899
2225,3,30,30,655954437,655.954437
2226,3,20,20,439248399,439.248399
2227,3,50,50,1094562646,1094.562646
2228,3,10,10,219151771,219.151771
2229,3,50,50,1007172296,1007.172296
2230,3,10,10,188741091,188.741091
2231,3,30,30,606234983,606.234983
2232,3,20,20,381717107,381.717107
2233,3,10,10,204591415,204.591415
2234,3,50,50,1074056929,1074.056929
2235,3,30,30,593741003,593.741003
2236,3,20,20,400348289,400.348289
2237,3,50,50,1021663721,1021.663721
2238,3,30,30,611609062,611.609062
2239,3,10,10,175893272,175.893272
2240,3,20,20,378986475,378.986475
2241,3,20,20,439767069,439.767069
2242,3,30,30,658054816,658.054816
2243,3,50,50,1097172387,1097.172387
2244,3,10,10,219198379,219.198379
2245,3,30,30,663539134,663.539134
2246,3,10,10,190375921,190.375921
2247,3,20,20,444782810,444.782810
2248,3,50,50,1116421788,1116.421788
2249,3,20,20,405793092,405.793092
2250,3,50,50,1011868251,1011.868251
2251,3,10,10,164956937,164.956937
2252,3,30,30,601929382,601.929382
2253,3,50,50,1012108685,1012.108685
2254,3,20,20,408460985,408.460985
2255,3,10,10,195974114,195.974114
2256,3,30,30,606736800,606.736800
2257,3,20,20,439556541,439.556541
2258,3,10,10,222667487,222.667487
2259,3,30,30,657331287,657.331287
2260,3,50,50,1096967598,1096.967598
2261,3,20,20,408926654,408.926654
2262,3,50,50,1010633495,1010.633495
2263,3,30,30,607465267,607.465267
2264,3,10,10,188292842,188.292842
2265,3,30,30,569833985,569.833985
2266,3,50,50,982837266,982.837266
2267,3,10,10,190273777,190.273777
2268,3,20,20,382585988,382.585988
2269,3,50,50,992127419,992.127419
2270,3,20,20,404848054,404.848054
2271,3,10,10,206103584,206.103584
2272,3,30,30,600623692,600.623692
2273,3,20,20,393157032,393.157032
2274,3,10,10,185069959,185.069959
2275,3,50,50,980561584,980.561584
2276,3,30,30,586880591,586.880591
2277,3,50,50,1001355694,1001.355694
2278,3,10,10,207938291,207.938291
2279,3,30,30,604610950,604.610950
2280,3,20,20,407277677,407.277677
2281,3,30,30,614283265,614.283265
2282,3,10,10,209090209,209.090209
2283,3,20,20,411529906,411.529906
2284,3,50,50,1028066349,1028.066349
2285,3,50,50,1024654138,1024.654138
2286,3,20,20,411665521,411.665521
2287,3,10,10,208961045,208.961045
2288,3,30,30,611397749,611.397749
2289,3,20,20,390626127,390.626127
2290,3,10,10,188136486,188.136486
2291,3,30,30,611905569,611.905569
2292,3,50,50,1023251587,1023.251587
2293,3,10,10,187854734,187.854734
2294,3,50,50,1025428622,1025.428622
2295,3,20,20,382621053,382.621053
2296,3,30,30,614513268,614.513268
2297,3,50,50,1100324530,1100.324530
2298,3,30,30,664230407,664.230407
2299,3,10,10,196767603,196.767603
2300,3,20,20,413002287,413.002287
2301,3,50,50,1019550638,1019.550638
2302,3,20,20,411573306,411.573306
2303,3,30,30,610404340,610.404340
2304,3,10,10,196457878,196.457878
2305,3,10,10,207721932,207.721932
2306,3,30,30,608567888,608.567888
2307,3,20,20,409810464,409.810464
2308,3,50,50,1007687040,1007.687040
2309,3,50,50,1007039385,1007.039385
2310,3,10,10,195618310,195.618310
2311,3,30,30,588474021,588.474021
2312,3,20,20,394541628,394.541628
2313,3,30,30,613401135,613.401135
2314,3,20,20,412510668,412.510668
2315,3,50,50,1027740880,1027.740880
2316,3,10,10,210811813,210.811813
2317,3,20,20,408235065,408.235065
2318,3,10,10,184074988,184.074988
2319,3,50,50,1008293676,1008.293676
2320,3,30,30,608414597,608.414597
2321,3,10,10,188222719,188.222719
2322,3,50,50,1049884832,1049.884832
2323,3,20,20,409155685,409.155685
2324,3,30,30,640046085,640.046085
2325,3,30,30,645763935,645.763935
2326,3,20,20,396009723,396.009723
2327,3,50,50,1094174309,1094.174309
2328,3,10,10,199340597,199.340597
2329,3,10,10,188547272,188.547272
2330,3,50,50,1011073510,1011.073510
2331,3,30,30,588765621,588.765621
2332,3,20,20,379942628,379.942628
2333,3,50,50,1096902766,1096.902766
2334,3,30,30,588821837,588.821837
2335,3,10,10,188990520,188.990520
2336,3,20,20,395572416,395.572416
2337,3,20,20,412051809,412.051809
2338,3,30,30,612007548,612.007548
2339,3,10,10,209332916,209.332916
2340,3,50,50,1093796413,1093.796413
2341,3,20,20,404846167,404.846167
2342,3,30,30,600578001,600.578001
2343,3,10,10,206751837,206.751837
2344,3,50,50,995772501,995.772501
2345,3,50,50,1095412788,1095.412788
2346,3,30,30,657499078,657.499078
2347,3,10,10,219213465,219.213465
2348,3,20,20,445127517,445.127517
2349,3,20,20,392527689,392.527689
2350,3,50,50,1023672615,1023.672615
2351,3,10,10,187887705,187.887705
2352,3,30,30,580865214,580.865214
2353,3,20,20,397519516,397.519516
2354,3,10,10,196211220,196.211220
2355,3,30,30,646646722,646.646722
2356,3,50,50,1094828783,1094.828783
2357,3,10,10,178316311,178.316311
2358,3,30,30,551584539,551.584539
2359,3,50,50,1004591723,1004.591723
2360,3,20,20,364068698,364.068698
2361,3,10,10,208174135,208.174135
2362,3,30,30,609750189,609.750189
2363,3,20,20,410893489,410.893489
2364,3,50,50,1073799757,1073.799757
2365,3,30,30,608002665,608.002665
2366,3,10,10,208841187,208.841187
2367,3,20,20,409495746,409.495746
2368,3,50,50,1006459653,1006.459653
2369,3,50,50,986615127,986.615127
2370,3,20,20,380005906,380.005906
2371,3,10,10,190297189,190.297189
2372,3,30,30,591783503,591.783503
2373,3,30,30,612076767,612.076767
2374,3,20,20,412202592,412.202592
2375,3,50,50,1021829939,1021.829939
2376,3,10,10,209467961,209.467961
2377,3,30,30,641239457,641.239457
2378,3,50,50,1096591833,1096.591833
2379,3,20,20,426937458,426.937458
2380,3,10,10,216721213,216.721213
2381,3,20,20,395440765,395.440765
2382,3,50,50,1008070908,1008.070908
2383,3,10,10,184389932,184.389932
2384,3,30,30,592120540,592.120540
2385,3,50,50,1024163950,1024.163950
2386,3,30,30,611502571,611.502571
2387,3,10,10,208648652,208.648652
2388,3,20,20,411310356,411.310356
2389,3,10,10,190347715,190.347715
2390,3,30,30,642142665,642.142665
2391,3,20,20,396257188,396.257188
2392,3,50,50,1058714596,1058.714596
2393,3,50,50,983393385,983.393385
2394,3,20,20,364598088,364.598088
2395,3,10,10,177282435,177.282435
2396,3,30,30,562743253,562.743253
2397,3,30,30,609970784,609.970784
2398,3,20,20,410459957,410.459957
2399,3,10,10,209283702,209.283702
2400,3,50,50,1010489869,1010.489869
2401,3,10,10,178443870,178.443870
2402,3,50,50,1005168299,1005.168299
2403,3,20,20,393244563,393.244563
2404,3,30,30,587944144,587.944144
2405,3,50,50,1023635759,1023.635759
2406,3,30,30,594199709,594.199709
2407,3,20,20,396223594,396.223594
2408,3,10,10,178715665,178.715665
2409,3,50,50,1096486490,1096.486490
2410,3,20,20,440061928,440.061928
2411,3,30,30,656928234,656.928234
2412,3,10,10,186974707,186.974707
2413,3,10,10,187721770,187.721770
2414,3,30,30,612573834,612.573834
2415,3,20,20,414503130,414.503130
2416,3,50,50,1025197912,1025.197912
2417,3,20,20,405434667,405.434667
2418,3,30,30,600882782,600.882782
2419,3,10,10,165900638,165.900638
2420,3,50,50,1077498534,1077.498534
2421,3,10,10,208076680,208.076680
2422,3,50,50,984764163,984.764163
2423,3,20,20,407678308,407.678308
2424,3,30,30,593923767,593.923767
2425,3,30,30,613072746,613.072746
2426,3,20,20,413312949,413.312949
2427,3,10,10,178251396,178.251396
2428,3,50,50,1023675663,1023.675663
2429,3,30,30,592230375,592.230375
2430,3,20,20,396123875,396.123875
2431,3,50,50,1007389404,1007.389404
2432,3,10,10,188297007,188.297007
2433,3,20,20,382197046,382.197046
2434,3,30,30,611092382,611.092382
2435,3,50,50,1021296635,1021.296635
2436,3,10,10,185068283,185.068283
2437,3,50,50,1000807391,1000.807391
2438,3,20,20,396258058,396.258058
2439,3,10,10,198508401,198.508401
2440,3,30,30,604982061,604.982061
2441,3,30,30,592214104,592.214104
2442,3,20,20,382343302,382.343302
2443,3,10,10,187564562,187.564562
2444,3,50,50,987239531,987.239531
2445,3,20,20,439932622,439.932622
2446,3,10,10,218458065,218.458065
2447,3,50,50,1097174066,1097.174066
2448,3,30,30,657759554,657.759554
2449,3,20,20,395170973,395.170973
2450,3,30,30,604557518,604.557518
2451,3,10,10,192490424,192.490424
2452,3,50,50,1012792477,1012.792477
2453,3,10,10,195219674,195.219674
2454,3,50,50,995091954,995.091954
2455,3,30,30,587741247,587.741247
2456,3,20,20,393389644,393.389644
2457,3,20,20,363497965,363.497965
2458,3,50,50,1026380994,1026.380994
2459,3,10,10,183137553,183.137553
2460,3,30,30,549624148,549.624148
2461,3,20,20,439312089,439.312089
2462,3,10,10,219388894,219.388894
2463,3,50,50,1091162961,1091.162961
2464,3,30,30,656839093,656.839093
2465,3,30,30,640396319,640.396319
2466,3,50,50,1067764627,1067.764627
2467,3,20,20,430332542,430.332542
2468,3,10,10,218987626,218.987626
2469,3,30,30,645696157,645.696157
2470,3,10,10,209138185,209.138185
2471,3,20,20,427381534,427.381534
2472,3,50,50,1068344192,1068.344192
2473,3,10,10,164760200,164.760200
2474,3,50,50,985431550,985.431550
2475,3,30,30,586416181,586.416181
2476,3,20,20,377035236,377.035236
2477,3,30,30,561303677,561.303677
2478,3,20,20,382182377,382.182377
2479,3,10,10,186423204,186.423204
2480,3,50,50,994628706,994.628706
2481,3,30,30,662993767,662.993767
2482,3,20,20,443690315,443.690315
2483,3,50,50,1097507473,1097.507473
2484,3,10,10,221649337,221.649337
2485,3,10,10,189754472,189.754472
2486,3,20,20,413793856,413.793856
2487,3,30,30,615148778,615.148778
2488,3,50,50,1027304858,1027.304858
2489,3,20,20,409159656,409.159656
2490,3,50,50,1027213765,1027.213765
2491,3,30,30,608855721,608.855721
2492,3,10,10,208966380,208.966380
2493,3,50,50,1006285822,1006.285822
2494,3,30,30,607860459,607.860459
2495,3,10,10,208499558,208.499558
2496,3,20,20,408462768,408.462768
2497,3,10,10,196024965,196.024965
2498,3,30,30,608009461,608.009461
2499,3,20,20,409070046,409.070046
2500,3,50,50,1118181364,1118.181364
2501,3,20,20,406743838,406.743838
2502,3,30,30,602918816,602.918816
2503,3,50,50,1056740744,1056.740744
2504,3,10,10,207732437,207.732437
2505,3,10,10,187276186,187.276186
2506,3,20,20,379703349,379.703349
2507,3,30,30,613881671,613.881671
2508,3,50,50,1025598650,1025.598650
2509,3,10,10,187646346,187.646346
2510,3,30,30,592576064,592.576064
2511,3,20,20,375639557,375.639557
2512,3,50,50,980152717,980.152717
2513,3,20,20,407457888,407.457888
2514,3,50,50,1096509043,1096.509043
2515,3,30,30,657105603,657.105603
2516,3,10,10,193341101,193.341101
2517,3,20,20,426200770,426.200770
2518,3,10,10,216805259,216.805259
2519,3,30,30,644373233,644.373233
2520,3,50,50,1057807448,1057.807448
2521,3,20,20,397149890,397.149890
2522,3,50,50,1006723587,1006.723587
2523,3,10,10,196611444,196.611444
2524,3,30,30,606719220,606.719220
2525,3,10,10,216403789,216.403789
2526,3,20,20,445176553,445.176553
2527,3,50,50,1100036680,1100.036680
2528,3,30,30,667073496,667.073496
2529,3,10,10,207296563,207.296563
2530,3,50,50,1027605763,1027.605763
2531,3,30,30,614477476,614.477476
2532,3,20,20,414446388,414.446388
2533,3,30,30,569633181,569.633181
2534,3,10,10,177597718,177.597718
2535,3,50,50,1006115978,1006.115978
2536,3,20,20,376368263,376.368263
2537,3,10,10,211054867,211.054867
2538,3,50,50,1094240592,1094.240592
2539,3,30,30,614641857,614.641857
2540,3,20,20,413643651,413.643651
2541,3,20,20,405548577,405.548577
2542,3,10,10,164194069,164.194069
2543,3,30,30,600481026,600.481026
2544,3,50,50,992708049,992.708049
2545,3,20,20,409998530,409.998530
2546,3,10,10,208812408,208.812408
2547,3,50,50,1008436834,1008.436834
2548,3,30,30,608382092,608.382092
2549,3,30,30,609403964,609.403964
2550,3,50,50,1006970141,1006.970141
2551,3,20,20,396189304,396.189304
2552,3,10,10,188731877,188.731877
2553,3,50,50,1027878707,1027.878707
2554,3,10,10,208338112,208.338112
2555,3,20,20,410435235,410.435235
2556,3,30,30,614029356,614.029356
2557,3,50,50,1094982453,1094.982453
2558,3,30,30,657159544,657.159544
2559,3,20,20,439364169,439.364169
2560,3,10,10,219055554,219.055554
2561,3,10,10,220729380,220.729380
2562,3,30,30,652427288,652.427288
2563,3,20,20,442742095,442.742095
2564,3,50,50,1091750376,1091.750376
2565,3,50,50,1000022631,1000.022631
2566,3,20,20,407390393,407.390393
2567,3,10,10,207627142,207.627142
2568,3,30,30,605379553,605.379553
2569,3,20,20,407359179,407.359179
2570,3,50,50,1081515079,1081.515079
2571,3,30,30,604261715,604.261715
2572,3,10,10,196086966,196.086966
2573,3,30,30,648530797,648.530797
2574,3,50,50,1076757149,1076.757149
2575,3,10,10,219289191,219.289191
2576,3,20,20,438922572,438.922572
2577,3,30,30,653133840,653.133840
2578,3,50,50,1093600983,1093.600983
2579,3,20,20,382237117,382.237117
2580,3,10,10,190001146,190.001146
2581,3,50,50,1096661869,1096.661869
2582,3,30,30,610959830,610.959830
2583,3,20,20,411883998,411.883998
2584,3,10,10,209446029,209.446029
2585,3,50,50,1027141353,1027.141353
2586,3,30,30,587304642,587.304642
2587,3,10,10,185685074,185.685074
2588,3,20,20,377099934,377.099934
2589,3,50,50,1076428123,1076.428123
2590,3,30,30,649325168,649.325168
2591,3,10,10,210737791,210.737791
2592,3,20,20,414142894,414.142894
2593,3,50,50,965714393,965.714393
2594,3,10,10,187513988,187.513988
2595,3,30,30,586536948,586.536948
2596,3,20,20,392639700,392.639700
2597,3,30,30,585943994,585.943994
2598,3,20,20,380137378,380.137378
2599,3,50,50,980785297,980.785297
2600,3,10,10,187958422,187.958422
2601,3,30,30,607800380,607.800380
2602,3,20,20,379996839,379.996839
2603,3,50,50,1007490164,1007.490164
2604,3,10,10,184960933,184.960933
2605,3,10,10,195613912,195.613912
2606,3,50,50,1096273635,1096.273635
2607,3,20,20,396639542,396.639542
2608,3,30,30,608416791,608.416791
2609,3,20,20,439437155,439.437155
2610,3,50,50,1077299084,1077.299084
2611,3,30,30,648131828,648.131828
2612,3,10,10,211436067,211.436067
2613,3,10,10,210330532,210.330532
2614,3,50,50,1021385135,1021.385135
2615,3,30,30,613480831,613.480831
2616,3,20,20,412664610,412.664610
2617,3,10,10,195786267,195.786267
2618,3,20,20,395940132,395.940132
2619,3,50,50,1073462749,1073.462749
2620,3,30,30,646117823,646.117823
2621,3,10,10,215779135,215.779135
2622,3,30,30,640548364,640.548364
2623,3,20,20,426437676,426.437676
2624,3,50,50,1056443016,1056.443016
2625,3,50,50,1056957074,1056.957074
2626,3,20,20,427503646,427.503646
2627,3,30,30,642376939,642.376939
2628,3,10,10,195944196,195.944196
2629,3,20,20,413973623,413.973623
2630,3,50,50,1026372777,1026.372777
2631,3,10,10,210984282,210.984282
2632,3,30,30,613762267,613.762267
2633,3,30,30,610926451,610.926451
2634,3,50,50,1009752270,1009.752270
2635,3,10,10,195953951,195.953951
2636,3,20,20,411029053,411.029053
2637,3,30,30,603026793,603.026793
2638,3,10,10,195539851,195.539851
2639,3,20,20,392432312,392.432312
2640,3,50,50,1000321465,1000.321465
2641,3,50,50,1006621305,1006.621305
2642,3,10,10,188100023,188.100023
2643,3,20,20,392197188,392.197188
2644,3,30,30,586498608,586.498608
2645,3,30,30,613847101,613.847101
2646,3,20,20,413516280,413.516280
2647,3,50,50,1026361559,1026.361559
2648,3,10,10,185815600,185.815600
2649,3,10,10,188589821,188.589821
2650,3,50,50,1001406454,1001.406454
2651,3,20,20,408438421,408.438421
2652,3,30,30,603825598,603.825598
2653,3,10,10,219445239,219.445239
2654,3,50,50,1091744341,1091.744341
2655,3,20,20,440412704,440.412704
2656,3,30,30,649718374,649.718374
2657,3,30,30,588596519,588.596519
2658,3,10,10,188565283,188.565283
2659,3,50,50,1020819727,1020.819727
2660,3,20,20,394666432,394.666432
2661,3,10,10,195550710,195.550710
2662,3,30,30,603501911,603.501911
2663,3,20,20,407290757,407.290757
2664,3,50,50,1029174315,1029.174315
2665,3,30,30,615445616,615.445616
2666,3,20,20,413510203,413.510203
2667,3,50,50,1056253032,1056.253032
2668,3,10,10,208590400,208.590400
2669,3,50,50,1067907654,1067.907654
2670,3,10,10,188551046,188.551046
2671,3,30,30,643110582,643.110582
2672,3,20,20,426908233,426.908233
2673,3,10,10,211259609,211.259609
2674,3,30,30,604342748,604.342748
2675,3,50,50,1010895557,1010.895557
2676,3,20,20,408626068,408.626068
2677,3,30,30,653043212,653.043212
2678,3,50,50,1094969336,1094.969336
2679,3,20,20,413581041,413.581041
2680,3,10,10,210933721,210.933721
2681,3,20,20,412192884,412.192884
2682,3,30,30,666917054,666.917054
2683,3,10,10,184283957,184.283957
2684,3,50,50,1103011939,1103.011939
2685,3,10,10,190223361,190.223361
2686,3,30,30,644146374,644.146374
2687,3,50,50,1069668324,1069.668324
2688,3,20,20,427368320,427.368320
2689,3,10,10,196817101,196.817101
2690,3,50,50,983963531,983.963531
2691,3,30,30,596517031,596.517031
2692,3,20,20,399771265,399.771265
2693,3,50,50,1004980808,1004.980808
2694,3,20,20,361607022,361.607022
2695,3,30,30,589124698,589.124698
2696,3,10,10,184309044,184.309044
2697,3,20,20,388978964,388.978964
2698,3,50,50,1028380693,1028.380693
2699,3,30,30,614685712,614.685712
2700,3,10,10,196004658,196.004658
2701,3,30,30,615635306,615.635306
2702,3,10,10,210772685,210.772685
2703,3,50,50,1030584970,1030.584970
2704,3,20,20,415399771,415.399771
2705,3,30,30,587435404,587.435404
2706,3,10,10,189811249,189.811249
2707,3,20,20,380030099,380.030099
2708,3,50,50,996125180,996.125180
2709,3,20,20,414236836,414.236836
2710,3,10,10,195560687,195.560687
2711,3,50,50,1026884511,1026.884511
2712,3,30,30,614452871,614.452871
2713,3,10,10,195250766,195.250766
2714,3,30,30,607037908,607.037908
2715,3,20,20,407868122,407.868122
2716,3,50,50,1003898062,1003.898062
2717,3,50,50,1023172266,1023.172266
2718,3,30,30,612739526,612.739526
2719,3,10,10,196817806,196.817806
2720,3,20,20,412304959,412.304959
2721,3,30,30,568789097,568.789097
2722,3,10,10,177809393,177.809393
2723,3,20,20,379972944,379.972944
2724,3,50,50,1054516385,1054.516385
2725,3,10,10,187665236,187.665236
2726,3,30,30,570239983,570.239983
2727,3,20,20,381490854,381.490854
2728,3,50,50,985730127,985.730127
2729,3,50,50,1077040315,1077.040315
2730,3,30,30,647982183,647.982183
2731,3,10,10,195408767,195.408767
2732,3,20,20,427366660,427.366660
2733,3,50,50,1096399261,1096.399261
2734,3,10,10,217682014,217.682014
2735,3,20,20,439805039,439.805039
2736,3,30,30,656440291,656.440291
2737,3,50,50,941189897,941.189897
2738,3,30,30,569712138,569.712138
2739,3,10,10,189612109,189.612109
2740,3,20,20,380880964,380.880964
2741,3,30,30,669466437,669.466437
2742,3,50,50,1097590235,1097.590235
2743,3,10,10,196028155,196.028155
2744,3,20,20,415184641,415.184641
2745,3,30,30,611145390,611.145390
2746,3,20,20,411657470,411.657470
2747,3,50,50,1074752956,1074.752956
2748,3,10,10,209196309,209.196309
2749,3,30,30,657899047,657.899047
2750,3,10,10,220586727,220.586727
2751,3,50,50,1094872695,1094.872695
2752,3,20,20,446892357,446.892357
2753,3,50,50,983695779,983.695779
2754,3,30,30,578332996,578.332996
2755,3,10,10,192643980,192.643980
2756,3,20,20,387788869,387.788869
2757,3,20,20,379265370,379.265370
2758,3,30,30,607501426,607.501426
2759,3,50,50,1006000095,1006.000095
2760,3,10,10,188886145,188.886145
2761,3,30,30,615044422,615.044422
2762,3,50,50,1075777781,1075.777781
2763,3,10,10,209509361,209.509361
2764,3,20,20,411753549,411.753549
2765,3,30,30,613226222,613.226222
2766,3,20,20,413906683,413.906683
2767,3,10,10,190266292,190.266292
2768,3,50,50,1024830199,1024.830199
2769,3,10,10,190779021,190.779021
2770,3,20,20,381802114,381.802114
2771,3,30,30,569014549,569.014549
2772,3,50,50,1000825819,1000.825819
2773,3,50,50,1061804192,1061.804192
2774,3,30,30,642705346,642.705346
2775,3,10,10,196947723,196.947723
2776,3,20,20,407461480,407.461480
2777,3,10,10,196661194,196.661194
2778,3,50,50,1025561557,1025.561557
2779,3,20,20,413445061,413.445061
2780,3,30,30,614969054,614.969054
2781,3,20,20,413804673,413.804673
2782,3,30,30,613179862,613.179862
2783,3,10,10,208297159,208.297159
2784,3,50,50,1024527609,1024.527609
2785,3,10,10,196626865,196.626865
2786,3,30,30,593297301,593.297301
2787,3,50,50,983060521,983.060521
2788,3,20,20,395560165,395.560165
2789,3,50,50,975559509,975.559509
2790,3,10,10,193989132,193.989132
2791,3,20,20,389098529,389.098529
2792,3,30,30,581459060,581.459060
2793,3,10,10,211644712,211.644712
2794,3,20,20,416127333,416.127333
2795,3,50,50,1076193529,1076.193529
2796,3,30,30,617175292,617.175292
2797,3,50,50,1013167928,1013.167928
2798,3,20,20,399560155,399.560155
2799,3,10,10,204394289,204.394289
2800,3,30,30,593985268,593.985268
2801,3,10,10,217416768,217.416768
2802,3,50,50,1095304683,1095.304683
2803,3,30,30,640686243,640.686243
2804,3,20,20,428062156,428.062156
2805,3,30,30,630869516,630.869516
2806,3,20,20,420153579,420.153579
2807,3,50,50,1073556955,1073.556955
2808,3,10,10,213820359,213.820359
2809,3,10,10,184827009,184.827009
2810,3,50,50,1068961957,1068.961957
2811,3,20,20,428179819,428.179819
2812,3,30,30,643627302,643.627302
2813,3,30,30,653878866,653.878866
2814,3,20,20,443838215,443.838215
2815,3,10,10,220359361,220.359361
2816,3,50,50,1094595471,1094.595471
2817,3,30,30,588772702,588.772702
2818,3,20,20,393897051,393.897051
2819,3,50,50,976992607,976.992607
2820,3,10,10,178052085,178.052085
2821,3,30,30,611340518,611.340518
2822,3,10,10,189305789,189.305789
2823,3,50,50,1007379540,1007.379540
2824,3,20,20,410731810,410.731810
2825,3,30,30,634464484,634.464484
2826,3,10,10,217184049,217.184049
2827,3,50,50,1052352413,1052.352413
2828,3,20,20,421126386,421.126386
2829,3,10,10,218811131,218.811131
2830,3,30,30,652190617,652.190617
2831,3,50,50,1092956507,1092.956507
2832,3,20,20,427919421,427.919421
2833,3,50,50,1030674829,1030.674829
2834,3,10,10,188350434,188.350434
2835,3,20,20,381923672,381.923672
2836,3,30,30,615209260,615.209260
2837,3,10,10,209683956,209.683956
2838,3,20,20,413148840,413.148840
2839,3,30,30,614051329,614.051329
2840,3,50,50,1026054073,1026.054073
2841,3,50,50,1027786999,1027.786999
2842,3,20,20,393375730,393.375730
2843,3,10,10,186898520,186.898520
2844,3,30,30,588499902,588.499902
2845,3,50,50,1024317647,1024.317647
2846,3,20,20,412540676,412.540676
2847,3,10,10,209984129,209.984129
2848,3,30,30,612349800,612.349800
2849,3,30,30,560615591,560.615591
2850,3,20,20,364703001,364.703001
2851,3,50,50,1026923132,1026.923132
2852,3,10,10,164705743,164.705743
2853,3,30,30,592394367,592.394367
2854,3,10,10,185149517,185.149517
2855,3,50,50,986788037,986.788037
2856,3,20,20,361585166,361.585166
2857,3,20,20,393034875,393.034875
2858,3,10,10,162031029,162.031029
2859,3,50,50,1012657279,1012.657279
2860,3,30,30,612052773,612.052773
2861,3,20,20,394556982,394.556982
2862,3,10,10,195964728,195.964728
2863,3,50,50,1069548635,1069.548635
2864,3,30,30,590184448,590.184448
2865,3,10,10,208151775,208.151775
2866,3,50,50,1024209360,1024.209360
2867,3,20,20,407277662,407.277662
2868,3,30,30,604580128,604.580128
2869,3,20,20,412289351,412.289351
2870,3,30,30,612044316,612.044316
2871,3,50,50,1049398877,1049.398877
2872,3,10,10,209764783,209.764783
2873,3,20,20,406262334,406.262334
2874,3,30,30,603063970,603.063970
2875,3,50,50,1002065840,1002.065840
2876,3,10,10,190116522,190.116522
2877,3,30,30,610459691,610.459691
2878,3,50,50,1006747294,1006.747294
2879,3,10,10,186881972,186.881972
2880,3,20,20,392828696,392.828696
