qid,doc_id,pair_tokens,over_512,over_1024
fns-012b4513b35b1bca5591afd061f1ed681326e5c538c4423cad7efa25299fa774,nk-1-article-89.1-chunk-001,838,true,false
fns-02003bccff8b08914bd94bb7a4fd2b42d21d51a37080458f62ad24ea5a958e9f,nk-1-article-105.22-chunk-002,805,true,false
fns-0349ed50d9b4f7f4323fd60f4fbd0eb33e3408e76d57aa80cddf64bb421eafaf,nk-2-article-258-chunk-002,752,true,false
fns-0687700100cbc7a159006d1b6e81d4a0ac1e97f11a0c1ce8f6c20560fec9beb7,nk-1-article-21-chunk-002,708,true,false
fns-0687700100cbc7a159006d1b6e81d4a0ac1e97f11a0c1ce8f6c20560fec9beb7,nk-2-article-407-chunk-004,610,true,false
fns-0a7e06a86281138ace87df972e1466de933c32f4301548a65cb2a970d581d1c6,nk-2-article-179.2-chunk-005,841,true,false
fns-1afa9343af3d5ac777e38795f6ac135a4126ed53c4cc1bf870bcf931d3ec7cab,nk-2-article-346.45-chunk-002,751,true,false
fns-1bebfd806af54ffbb8978133775cd30fa2c5e58ed56e744fc39665961564eb76,nk-2-article-346.13-chunk-001,815,true,false
fns-1bebfd806af54ffbb8978133775cd30fa2c5e58ed56e744fc39665961564eb76,nk-2-article-346.13-chunk-002,815,true,false
fns-1ccaab8d735870a83490f41d86ee0eb07ae93f77f4bd0e72341f9dfd3280e92b,nk-2-article-346.45-chunk-004,656,true,false
fns-1deeca8df123eb5d20c48070c0d2b1760d23030ff8514cab6197926f548ed907,nk-1-article-105.19-chunk-001,451,false,false
fns-1deeca8df123eb5d20c48070c0d2b1760d23030ff8514cab6197926f548ed907,nk-1-article-105.20-chunk-001,529,true,false
fns-2c7f567c446d99f75076b65a2219dfc741c0f50dc57d9f4a9e42ec9fddfa7718,nk-2-article-256-chunk-001,791,true,false
fns-2c7fb305d2f0eb0525169e9bc5d223933f986eb6a8a810dc5009f195900498f4,nk-2-article-346.25-chunk-001,906,true,false
fns-2d25fa2a0a0dfdb972919c561f36d399cc06855dd827b721ff6b9ac236e30ef9,nk-1-article-79-chunk-003,824,true,false
fns-30992d1db31f457c05b44039827b92528753e0ac905121f7f8c4edbd021d066b,nk-2-article-346.3-chunk-002,786,true,false
fns-30cf19ccbd82c97e48193d55e9d873578fd277472d9e368806d70c6afb30b638,nk-2-article-346.9-chunk-001,387,false,false
fns-36a5c8268bd287c629af70ece01e3ec43af604051edddf3609f83a81f8c76569,nk-2-article-346.43-chunk-001,883,true,false
fns-37f0eaa061b02f80814bb41a31dd531aa30d9aae0c90e188e7f316e65c108353,nk-1-article-105.7-chunk-001,834,true,false
fns-3cdf8d252f9b03f2ca40221263c65c5fe5a8bb199572fbb1ea0b024fffa090f6,nk-1-article-119-chunk-001,298,false,false
fns-3d4696375c1ea959de2633ce495cf69e7e75ceaaa76c63e05c5ee8aaa24509b6,nk-2-article-378.2-chunk-001,833,true,false
fns-3d4696375c1ea959de2633ce495cf69e7e75ceaaa76c63e05c5ee8aaa24509b6,nk-2-article-378.2-chunk-003,854,true,false
fns-3f66363e6d61609b04233dd4555dca2733fe1be019aa3c01ac86df1fc836513b,nk-2-article-372.1-chunk-001,624,true,false
fns-3f721a10ed9d8108ef21f2bd70f7fb99d87890549026f5f1184fedc9a4572155,nk-2-article-346.43-chunk-007,789,true,false
fns-413fb9d42d2210bb87f0e5f9dd42b066e9ead25186421efa560b4d886d98d893,nk-2-article-179.2-chunk-005,847,true,false
fns-44069223bcc4529628e30241ddcd83ad75ecab7587f0b750458cef768965949b,nk-2-article-346.3-chunk-003,654,true,false
fns-48680ece2f45fd736f1860a28abfe715dbd6e9791575e2000d13e9bdfc915a97,nk-2-article-333.33-chunk-001,815,true,false
fns-48680ece2f45fd736f1860a28abfe715dbd6e9791575e2000d13e9bdfc915a97,nk-2-article-333.33-chunk-002,838,true,false
fns-4899dbbdef7c60d4cd061aa18eccff04951d8cef7d3eda42eb3b6dd057864b9e,nk-1-article-93.1-chunk-003,638,true,false
fns-492283f2cc0ebcce32175bec8f7b9ff3b526c05369b0889a17056f475c4e19d4,nk-2-article-219-chunk-001,835,true,false
fns-4c9eae9668f750f151171ad5d0017e3491c0555296e1c76144b7074c930b3de3,nk-2-article-346.2-chunk-001,652,true,false
fns-50179888c9c2b2a5aea36b06f2e3c42cfe7107ebd864a066538cf933b3c5f71a,nk-1-article-105.18-chunk-001,815,true,false
fns-591a7a82a03b1a1bd057e5472874ab7292dbd6f25c27af38158f0e1de9929779,nk-2-article-219.2-chunk-001,764,true,false
fns-5b5cd702f424e661fffab23b3e4ead4c5579d1c09596da96a833120912e773af,nk-1-article-94-chunk-001,789,true,false
fns-5c9b7ac556211118ae430b9a8892e3a39661151bbbfe9f1cd04f5613b3519411,nk-1-article-6.1-chunk-001,471,false,false
fns-5c9b7ac556211118ae430b9a8892e3a39661151bbbfe9f1cd04f5613b3519411,nk-2-article-431-chunk-002,946,true,false
fns-628c4732c77de4542f68434fd2d210dc461fcf93696e0e2de035eac66e57affb,nk-2-article-310-chunk-002,897,true,false
fns-669dd7738fe00de47281d1e2eb889920a1506e5e4a33c2b02053b9fccf57d749,nk-1-article-64-chunk-001,808,true,false
fns-68b450f9a27a10ff3d937899c06b3b9947058004b97561728f96cd0053288581,nk-1-article-105.22-chunk-003,821,true,false
fns-7314950b031106b65f6425b2d07883fbe74536d49731154b0181bd20ed892cb3,nk-2-article-333.33-chunk-019,857,true,false
fns-73301fd9f19f308451270335ca1e889e75a74afa48454977c4835eb3eedc6d5d,nk-2-article-346.43-chunk-002,980,true,false
fns-74968d234f17ad45ac54f8ca246781c63c406f2c81f87a5dd2da05d7855a88db,nk-2-article-346.12-chunk-002,796,true,false
fns-74968d234f17ad45ac54f8ca246781c63c406f2c81f87a5dd2da05d7855a88db,nk-2-article-346.13-chunk-002,795,true,false
fns-76be74ecf75bf07cefdcdd6db34ac95c65d36310732fc2764a796933e31027a9,nk-2-article-407-chunk-003,839,true,false
fns-76be74ecf75bf07cefdcdd6db34ac95c65d36310732fc2764a796933e31027a9,nk-2-article-407-chunk-004,630,true,false
fns-8502523e016355dbbf937a02d211463c61f078bafbdc9a3b95612bafb49f02be,nk-1-article-129.1-chunk-001,351,false,false
fns-861c4c877d385a767b3eb60b13350bab691d6e22d0033a46b37a53c474e1eef9,nk-2-article-408-chunk-004,753,true,false
fns-87dfebff1d14696f4da6e901b4633b7b0e7ba7c16ca7f5f2004e9ed8dd665408,nk-1-article-45-chunk-005,785,true,false
fns-88626f9510d3ef5dfcf9f069c7618f38b4d6683f1d3cf65e101d19263e3a6b93,nk-2-article-170-chunk-001,837,true,false
fns-8a216b5cedb5c5a1accb7add2e3425d98db4ba66d31a9e036a3b8c26d417c328,nk-1-article-122-chunk-001,475,false,false
fns-8b97bdff7bb1f75a30a0c4845d02e1cf94b8bbb8a7dbb3f120f548b28807f499,nk-2-article-346.45-chunk-002,729,true,false
fns-8b97bdff7bb1f75a30a0c4845d02e1cf94b8bbb8a7dbb3f120f548b28807f499,nk-2-article-346.45-chunk-004,653,true,false
fns-8b97bdff7bb1f75a30a0c4845d02e1cf94b8bbb8a7dbb3f120f548b28807f499,nk-2-article-346.49-chunk-001,221,false,false
fns-8bab1d3e5e389fda9c9505a0e5be1d3ef0bac7efa46911bb2c22040628bfb42b,nk-1-article-105.24-chunk-001,500,false,false
fns-8d3a4459abf253ef77c7f454ace27d07653e691b6ae80af44580dc73046afcb8,nk-1-article-76-chunk-002,844,true,false
fns-8ee60dc2e017dd3811e7b87151d291538d54ee3f47bb7a071d77d0092ab57757,nk-2-article-346.1-chunk-001,692,true,false
fns-8ee60dc2e017dd3811e7b87151d291538d54ee3f47bb7a071d77d0092ab57757,nk-2-article-346.3-chunk-001,794,true,false
fns-8fc7765e5b3c61f4aae9ee1d834a70d0432cb53508ec2a9d752c83904e10fd33,nk-1-article-100-chunk-002,641,true,false
fns-9550df439b2e0d22847beb0bd8ed1b9a36ee31b699a6f8bc45a0440e28a9dded,nk-2-article-346.5-chunk-009,283,false,false
fns-986e48b64ffc9edbc5d576c142249606eeeed8ae8c9fbd0ff380f981d62f22e5,nk-2-article-346.43-chunk-001,941,true,false
fns-986e48b64ffc9edbc5d576c142249606eeeed8ae8c9fbd0ff380f981d62f22e5,nk-2-article-346.43-chunk-006,911,true,false
fns-9cb8eac2ac7810f26eb1aa6da4570cce5b444b2db1faca9ddad749e102aff38c,nk-2-article-346.3-chunk-001,785,true,false
fns-9f7c73ff9aedbab567320e8fe0326f08409a10c7f59eb817d0ba4b8c3f57b8b9,nk-2-article-164-chunk-014,840,true,false
fns-a24c289c33e3ad278451e308f9a4d8db2ad234954e18f84c17bf39421e84f727,nk-1-article-105.19-chunk-001,457,false,false
fns-a4ac8c546da6db5bd98b1c15c8c709583d7253584f302e17ca1df1e1ecbba785,nk-1-article-72-chunk-001,455,false,false
fns-af450f9c6af913778f289f21831a3e6624a43896a171e2e51cbcdcef45f347b7,nk-2-article-346.6-chunk-003,470,false,false
fns-b0f7978700598a5e0930215f7927636c0ab09f89db6c2a81fd1ce65c9554a7fd,nk-2-article-273-chunk-002,686,true,false
fns-b163af1bd95f39c0916384c7e99615b96a3d50e05d182e141a02a4269d04a618,nk-1-article-45-chunk-004,725,true,false
fns-b163af1bd95f39c0916384c7e99615b96a3d50e05d182e141a02a4269d04a618,nk-1-article-58-chunk-001,858,true,false
fns-b18bdf62dbbe196b681decd895729cce1705d863771a4e50ed8b217b7ef8fa43,nk-2-article-254-chunk-001,848,true,false
fns-b49e3b84fc2159fd448e385475fd22d2adebe0c4609a19efb0f43a79c8de2744,nk-2-article-287-chunk-001,849,true,false
fns-b6438b0229806ba37ac06271431bf02019b4204d65b70dfc55e86722a0686b07,nk-1-article-89-chunk-004,801,true,false
fns-b6af0f84d14b9809ba0fa957f3397c01dbb58e58dc43bfa26426137985a38781,nk-2-article-217-chunk-014,894,true,false
fns-b99595f49cb9352118af22234ba107477760f9483f30303c34a8871f27d9bbc2,nk-2-article-204-chunk-003,949,true,false
fns-be43195e0fef5971193b5ee98320cc640fb3c6165c948ad2b526f86b14668825,nk-2-article-381-chunk-001,792,true,false
fns-bfe96545fd313edfc70139554e99fa83f270450c6aae5e964b179def9167581b,nk-2-article-346.13-chunk-001,815,true,false
fns-c317b966da3315446d2193d920a0d3b71d6fde08366b75106a2975c5c7912696,nk-2-article-346.48-chunk-001,252,false,false
fns-cc5af7ba33e22fbf53d7055e16baca1dca71d5241e68ee76e84183b9af9e7294,nk-1-article-39-chunk-001,738,true,false
fns-ce236d2aaf1a91e25cdf020862ef8fe3bfc95f9766a3d9717f04e01e3dc1efa7,nk-1-article-11.2-chunk-001,868,true,false
fns-d06a111c27646d9083f1566270df29abaf4b93b1efe323e6bb8dce1dc717c5d7,nk-1-article-105.5-chunk-001,912,true,false
fns-d273f5da8f34f98cedfbd10e1890048f61abc77f021baaaded964409088b399c,nk-2-article-430-chunk-002,806,true,false
fns-d428aab9a08df165b728a3f5d62c5d414b67ff33abba4d7709fc435eadad41a3,nk-2-article-145-chunk-005,858,true,false
fns-d428aab9a08df165b728a3f5d62c5d414b67ff33abba4d7709fc435eadad41a3,nk-2-article-246.1-chunk-002,271,false,false
fns-d8bc09fb979482e587d30923469d93ac073db0fe04253869c7d6f9a37c1f2c3c,nk-1-article-105.22-chunk-001,817,true,false
fns-d98f563194fc16dbae044724269732a3f6f9f8753f7dbf894abddec9929b197f,nk-1-article-105.17-chunk-003,858,true,false
fns-dd489fad40ad455dd6c957194380e6322b28fa3b467937d0e4885563530aea00,nk-1-article-105.1-chunk-002,620,true,false
fns-e07306bad6e35f19bdf0bce8a5ed0d10fd1c54b25e37a362fe4cd76e4ea5c27f,nk-1-article-76-chunk-002,800,true,false
fns-e0e2181bfa733175c4e3b0e94d9b41d2d2407e4ddd539a1556c07b4bf30c64ec,nk-2-article-219-chunk-001,842,true,false
fns-e8eec2cf0946d95de22427361d405e74fb34affabee789032920842d7ee282ba,nk-2-article-309-chunk-002,887,true,false
fns-ea83f01e27ec27b0e5b7bba0febc3e712d8eb4ef5c12b414f7090246f9dc7b77,nk-2-article-403-chunk-002,613,true,false
fns-ea83f01e27ec27b0e5b7bba0febc3e712d8eb4ef5c12b414f7090246f9dc7b77,nk-2-article-407-chunk-004,657,true,false
fns-fd78cf24f12036106a2f3e8095febe17368aebfb7dcce32ade6a9de3d67b86fe,nk-1-article-58-chunk-001,850,true,false
fns-fe976834d63039b3f43015ec0d9a7ea96183c0d5c99e981ae7580b61a1d1af69,nk-2-article-382-chunk-001,824,true,false
fns-ff6e6c307494a034b8477de7550c9e95ddc53a29d90dbb6eff3a23850d8dabb2,nk-2-article-251-chunk-002,712,true,false
fns-ff6e6c307494a034b8477de7550c9e95ddc53a29d90dbb6eff3a23850d8dabb2,nk-2-article-346.15-chunk-001,719,true,false
